id,year,date,day,sector,type,state,occupation,age,shift,hour,equipment,mine_id,bias_primary,bias_families
FAI-1995-01,1995,1995-01-02,Lunes,Coal,Acarreo motorizado,WV,Contratista — Operador de correa,38,noche,00:40,Correa transportadora,46-06958,PERI-1,"B, E, G, I, L, M"
FAI-1995-02,1995,1995-01-05,Jueves,Metal/NonMetal,Falla de highwall / Talud,CA,Operador de pala eléctrica/dragalina,34,noche,01:50,Cargador frontal,39-01284,PERI-1,"B, E, G, I, L, M"
FAI-1995-03,1995,1995-01-09,Lunes,Coal,Caída de persona,WV,Trabajador minero,45,día,10:45 (OFICIAL-fatalgrama),Superficie elevada de tránsito,N/D,NORM-2,"E, G, I, L, M"
FAI-1995-04,1995,1995-01-10,Martes,Metal/NonMetal,Acarreo motorizado,GA,Supervisor,51,mañana,06:15,Bulldozer/topadora,09-01059,PERI-1,"B, E, G, M"
FAI-1995-05,1995,1995-01-11,Miércoles,Coal,Acarreo motorizado,KY,Inspector,32,noche,22:30,Correa transportadora,15-14468,ATAJ-1,"E, G, K, L, M, N"
FAI-1995-06,1995,1995-01-12,Jueves,Metal/NonMetal,Explosivos y detonadores,NV,Supervisor,23,tarde,14:15,CAEX,26-01962,PERI-1,"E, G, K, L, M"
FAI-1995-07,1995,1995-01-18,Miércoles,Metal/NonMetal,Acarreo motorizado,AZ,Conductor de camión,48,noche,22:15,CAEX,02-00144,META-1,"B, E, G, I, L, M"
FAI-1995-08,1995,1995-02-02,Jueves,Metal/NonMetal,Acarreo motorizado,AZ,Operador,33,tarde,14:30,Correa transportadora,02-00704,META-1,"G, K, L"
FAI-1995-09,1995,1995-02-03,Viernes,Metal/NonMetal,Caída de techo,WY,Operador,29,mañana,08:30,Shuttle car,48-01295,PERI-1,"E, G, I, L, M"
FAI-1995-10,1995,1995-02-10,Viernes,Metal/NonMetal,Atrapamiento por maquinaria,NV,Operador de equipo,31,mañana,10:00,Cargador frontal,26-01916,PERI-1,"E, G, I, L, M"
FAI-1995-11,1995,1995-02-17,Viernes,Metal/NonMetal,Atrapamiento por maquinaria,MO,Perforador,45,tarde,16:15,Correa transportadora,23-02063,META-1,"E, G, K, L, M"
FAI-1995-12,1995,1995-02-24,Viernes,Metal/NonMetal,Acarreo motorizado,CA,Conductor de camión,50,mañana,08:30,Cargador frontal,04-04988,PERI-1,"B, E, G, I, L, M"
FAI-1995-13,1995,1995-03-10,Viernes,Metal/NonMetal,Acarreo motorizado,CA,Mecánico,43,mañana,09:50,CAEX,04-00743,META-1,"E, G, M"
FAI-1995-14,1995,1995-03-13,Lunes,Coal,Acarreo motorizado,PA,Inspector,21,mañana,07:30,Cargador frontal,36-08335,META-1,"E, G, K, L, M, N"
FAI-1995-15,1995,1995-03-14,Martes,Coal,Acarreo motorizado,PA,Inspector,21,mañana,08:10,Cargador frontal,36-06990,META-1,"E, G, K, L, M, N"
FAI-1995-16,1995,1995-03-14,Martes,Metal/NonMetal,Acarreo motorizado,AL,Inspector de calidad,60,mañana,13:30,Cargador frontal,01-02140,PERI-1,"E, G, I, L, M"
FAI-1995-17,1995,1995-03-17,Viernes,Metal/NonMetal,Acarreo motorizado,MO,Conductor,53,mañana,11:10,Correa transportadora,23-01889,META-1,"E, G, I, L, M"
FAI-1995-18,1995,1995-03-24,Viernes,Coal,Atrapamiento por maquinaria,WV,Minero,22,tarde,15:00,Continuous miner,42-01280,PERI-1,"E, G, K, L, M"
FAI-1995-19,1995,1995-03-27,Lunes,Metal/NonMetal,Acarreo motorizado,CA,Mecánico,43,tarde,15:45,CAEX,04-00743,PERI-1,"E, G, M"
FAI-1995-20,1995,1995-03-28,Martes,Coal,Acarreo motorizado,VA,Capataz,54,mañana,07:00,Cargador frontal,44-06783,PERI-1,"E, G, K, L, M, N"
FAI-1995-21,1995,1995-03-30,Jueves,Coal,Electrocución / Contacto eléctrico,MT,Mecánico,46,tarde,17:45,Huinche/Winche,24-00338,CONF-1,"E, G, K, L, M"
FAI-1995-22,1995,1995-04-04,Martes,Metal/NonMetal,Acarreo motorizado,CO,Conductor de camión,49,tarde,20:30,Bulldozer/topadora,05-00790,PERI-1,"E, G, M"
FAI-1995-23,1995,1995-04-09,Domingo,Coal,Acarreo motorizado,CT,Operador de cargadora,29,mañana,10:30,Cargador frontal,06-00647,NORM-1,"E, G, M"
FAI-1995-24,1995,1995-04-10,Lunes,Metal/NonMetal,Electrocución / Contacto eléctrico,FL,Supervisor,32,mañana,12:05,Cargador frontal,08-01058,PERI-1,"E, G, K, L, M"
FAI-1995-25,1995,1995-04-12,Miércoles,Coal,Acarreo motorizado,KY,Inspector,32,noche,03:55,Cargador frontal,15-10180,COMP-2,"B, E, G, M"
FAI-1995-26,1995,1995-04-15,Sábado,Coal,Electrocución / Contacto eléctrico,KY,Capataz,54,tarde,20:40,Bulldozer/topadora,15-13937,NORM-3,"B, E, G, I, L, M"
FAI-1995-27,1995,1995-04-18,Martes,Coal,Atrapamiento por maquinaria,WV,Minero,35,noche,02:10,Continuous miner,46-07430,META-1,"E, G, M"
CAI-1995-C13-PROV,1995,1995-04-30,,Coal,N/D — coal #13/1995 (boletín FAB95C13 no localizable en arlweb ni indexado),N/D,N/D,N/D,,,,,N/D,
FAI-1995-28,1995,1995-05-11,Jueves,Coal,Acarreo motorizado,KY,Operador,31,tarde,21:10,Cargador frontal,15-17150,META-1,"B, E, G, L, M"
FAI-1995-29,1995,1995-05-12,Viernes,Coal,Acarreo motorizado,WV,Mecánico de mantenimiento subterráneo,28,mañana,08:50,Continuous miner,46-03467,PERI-1,"E, G, K, M"
FAI-1995-30,1995,1995-05-12,Viernes,Metal/NonMetal,Electrocución / Contacto eléctrico,FL,Trabajador de línea eléctrica,58,mañana,09:00,CAEX,08-00768,META-1,"E, G, M"
FAI-1995-31,1995,1995-05-19,Viernes,Metal/NonMetal,Falla de highwall / Talud,WA,Operador,28,mañana,09:30,Bulldozer/topadora,45-03226,PERI-1,"B, G"
FAI-1995-33,1995,1995-05-22,Lunes,Metal/NonMetal,Acarreo motorizado,NV,Mecánico,42,mañana,06:50,Huinche/Winche,26-00015,PERI-1,"E, G, M"
FAI-1995-34,1995,1995-05-24,Miércoles,Coal,Acarreo motorizado,NV,Conductor de camión cisterna,18,día,15:00,Estructura de correa transportadora de carbón limpio (clean coal belt conveyor structure),26-00594,PERI-1,"B, E, G, K, M"
FAI-1995-35,1995,1995-05-26,Viernes,Coal,Caída de techo,WV,Operador de pernera,38,mañana,08:30,Continuous miner,46-08394,ATAJ-1,"E, G, I, L, M"
FAI-1995-36,1995,1995-05-31,Miércoles,Metal/NonMetal,Caída de persona,AL,Inspector,35,tarde,16:00,Correa transportadora,08-01035,PERI-1,"B, E, G, L, M"
FAI-1995-37,1995,1995-06-02,Viernes,Coal,Atrapamiento por maquinaria,WV,Minero,62,mañana,10:30,Cargador frontal,46-08110,META-1,"E, G, K, L, M"
FAI-1995-38,1995,1995-06-09,Viernes,Metal/NonMetal,Caída de persona,MT,Mecánico,46,noche,04:59,CAEX,24-00338,PERI-1,"B, E, G, I, L, M"
FAI-1995-39,1995,1995-06-17,Sábado,Coal,Acarreo motorizado,PA,Operador de escalado,49,tarde,21:30,Continuous miner,40-00864,CONF-1,"E, G, K, L, M, N"
FAI-1995-40,1995,1995-07-19,Miércoles,Metal/NonMetal,Acarreo motorizado,CO,Conductor de camión,32,mañana,10:15,Huinche/Winche,05-00790,PERI-1,"E, G, I, L, M"
CAI-1995-LV-01,1995,1995-07-25,Martes,Coal,Caída de costilla,PA,Minero,31,día,N/D,Costilla de carbón,36-01726,NORM-2,"B, E, G, I, L, M"
CAI-1995-LV-02,1995,1995-07-25,Martes,Coal,Caída de costilla,PA,Minero,45,día,07:00 (OFICIAL-informe),Costilla de carbón,36-01726,NORM-2,"B, E, G, I, L, M"
FAI-1995-41,1995,1995-07-25,Martes,Coal,Caída de costilla,PA,Minero,32,mañana,10:00,Huinche/Winche,36-08014,NORM-1,"B, E, G, I, K, L, M"
FAI-1995-43,1995,1995-07-26,Miércoles,Coal,Atrapamiento por maquinaria,TN,Operador de cargadora,33,mañana,08:30,Correa transportadora,40-00075,PERI-1,"E, G, K, L, M"
FAI-1995-44,1995,1995-07-27,Jueves,Coal,Electrocución / Contacto eléctrico,WY,Operador,31,mañana,09:00,Pala hidráulica,48-00732,NORM-1,"B, E, G, I, L, M"
FAI-1995-45,1995,1995-08-03,Jueves,Metal/NonMetal,Atrapamiento por maquinaria,CT,Operador,29,mañana,11:45,Cargador frontal,06-00647,META-1,"E, G, M"
FAI-1995-46,1995,1995-08-03,Jueves,Metal/NonMetal,Caída de persona,GA,1995,59,mañana,07:30,Grúa,09-00766,PERI-1,"B, E, G, I, L, M"
FAI-1995-48,1995,1995-08-06,Domingo,Coal,Electrocución / Contacto eléctrico,KY,Inspector,16,mañana,09:50,N/D (exp. total=30a; exp. en puesto específico no disponible en informe),01-01247,CONF-1,"E, G, K, L, M"
FAI-1995-50,1995,1995-08-16,Miércoles,Metal/NonMetal,Atrapamiento por maquinaria,NY,Operador,31,mañana,10:30,Cargador frontal,30-00215,PERI-1,"E, G, K, L, M"
FAI-1995-51,1995,1995-08-19,Sábado,Metal/NonMetal,Caída de persona,SC,No determinado (campo contaminado — S303),43,mañana,09:30,Bulldozer/topadora,38-00016,PERI-1,"B, E, G, M"
FAI-1995-77,1995,1995-08-19,Miércoles,Metal/NonMetal,Caída de persona,SC,Superintendente de proyecto,43,tarde,14:00,Continuous miner,38-00016,META-1,"B, E, G, I, L, M"
FAI-1995-52,1995,1995-08-20,Domingo,Metal/NonMetal,Atrapamiento por maquinaria,PA,Conductor,52,mañana,11:40,Grúa,36-00060,META-1,"G, I, K, L, M"
FAI-1995-53,1995,1995-08-21,Lunes,Metal/NonMetal,Caída de persona,MT,Capataz,38,tarde,19:10,Bulldozer/topadora,24-01490,PERI-1,"B, E, G, I, L, M"
FAI-1995-54,1995,1995-08-23,Miércoles,Coal,Acarreo motorizado,KY,Operador de scoop/LHD — accidente de acarreo motorizado en mina de carbón,21,noche,23:30,Continuous miner,15-16020,CONF-1,"B, E, G, L, M"
FAI-1995-55,1995,1995-08-23,Miércoles,Metal/NonMetal,Electrocución / Contacto eléctrico,NM,Electricista,59,mañana,11:00,Huinche/Winche,29-00170,PERI-1,"E, G, M"
CAI-1995-TN-01,1995,1995-08-24,,Coal,Caída de techo,TN,Operador de puente móvil (mobile bridge operator),N/D,,11:31,,,N/D,
FAI-1995-99,1995,1995-09-01,Viernes,Metal/NonMetal,Atrapamiento por maquinaria,VA,Operador de equipos,24,tarde,14:00,Correa transportadora,44-06471,CONF-2,"E, G, M"
FAI-1995-58,1995,1995-09-02,Sábado,Coal,Acarreo motorizado,AK,Operador trainee de camión cisterna,27,mañana,06:00,N/D (exp. total=40a; exp. en puesto específico no disponible en informe),50-01616,PERI-1,"B, E, G, L, M"
FAI-1995-59,1995,1995-09-07,Jueves,Metal/NonMetal,Electrocución / Contacto eléctrico,NM,Mecánico,28,mañana,13:00,Correa transportadora,29-00170,PERI-1,"G, K, L"
FAI-1995-60,1995,1995-09-11,Lunes,Coal,Acarreo motorizado,KY,Inspector,32,mañana,10:30,Correa transportadora,15-02132,META-1,"E, G, K, L, M, N"
FAI-1995-61,1995,1995-09-12,Martes,Coal,Caída de persona,MT,Mecánico,46,mañana,06:00,Cargador frontal,24-00338,CONF-1,"E, G, I, L, M"
FAI-1995-62,1995,1995-09-12,Martes,Coal,Electrocución / Contacto eléctrico,WV,Operador,16,noche,23:45,Shuttle car,46-02905,CONF-1,"E, G, K, L, M"
FAI-1995-63,1995,1995-09-12,Martes,Metal/NonMetal,Electrocución / Contacto eléctrico,FL,Supervisor,58,tarde,18:10,Bulldozer/topadora,08-00768,CONF-1,"G, K, L"
FAI-1995-64,1995,1995-09-18,Lunes,Coal,Caída de techo,WV,Minero,35,tarde,18:00,Continuous miner,46-08442,PERI-1,"B, E, G, I, L, M"
FAI-1995-65,1995,1995-09-18,Lunes,Metal/NonMetal,Acarreo motorizado,CA,Operador de equipo,21,mañana,08:30,Correa transportadora,04-01736,NORM-1,"E, G, M"
FAI-1995-66,1995,1995-09-19,Martes,Metal/NonMetal,Acarreo motorizado,AK,Conductor,48,tarde,20:45,Bulldozer/topadora,50-01616,META-1,"B, E, G, I, L, M"
FAI-1995-67,1995,1995-09-21,Jueves,Metal/NonMetal,Caída de persona,GA,Supervisor,51,mañana,08:15,Cargador frontal,09-01081,META-1,"E, G, I, L, M"
FAI-1995-68,1995,1995-09-28,Jueves,Coal,Acarreo motorizado,WV,Operador,35,mañana,07:15,Continuous miner,46-07530,CONF-1,"B, E, G, I, L, M"
FAI-1995-69,1995,1995-10-03,Martes,Metal/NonMetal,Acarreo motorizado,AL,Supervisor,20,tarde,15:20,Cargador frontal,38-00002,PERI-1,B
FAI-1995-70,1995,1995-10-04,Miércoles,Metal/NonMetal,Electrocución / Contacto eléctrico,PA,Contratista,52,tarde,14:35,Correa transportadora,18-00326,ATAJ-1,"E, G, K, L"
FAI-1995-71,1995,1995-10-06,Viernes,Metal/NonMetal,Incendio,CA,Obrero general,44,mañana,12:45,Bulldozer/topadora,04-00204,DISP-1,"E, G, M"
FAI-1995-72,1995,1995-10-09,Lunes,Metal/NonMetal,Acarreo motorizado,UT,Contratista — Conductor de camión,57,noche,23:05,Cargador frontal,42-01429,PERI-1,"B, E, G, I, L, M"
FAI-1995-73,1995,1995-10-10,Martes,Coal,Electrocución / Contacto eléctrico,NM,Mecánico de mantenimiento subterráneo,28,tarde,21:00,Continuous miner,29-00170,CONF-1,"E, G, I, K, L, M"
FAI-1995-74,1995,1995-10-18,Miércoles,Coal,Atrapamiento por maquinaria,PA,Inspector,62,mañana,06:15,Cargador frontal,36-00884,META-1,"E, G, K, L, M"
FAI-1995-75,1995,1995-10-20,Viernes,Coal,Electrocución / Contacto eléctrico,KY,Capataz,21,mañana,08:00,Personnel carrier,15-04020,META-1,"E, G, K, L, M"
FAI-1995-76,1995,1995-10-20,Viernes,Metal/NonMetal,Caída de techo,TN,Supervisor,49,tarde,18:30,Huinche/Winche,40-00864,PERI-1,"B, E, G, I, L, M"
FAI-1995-57,1995,1995-10-25,Miércoles,Coal,Caída de techo,CO,Minero subterráneo de carbón,40,mañana,11:31,Roof bolter,05-02820,PERI-1,"B, G, I, K, L, N"
FAI-1995-78,1995,1995-10-30,Lunes,Coal,Electrocución / Contacto eléctrico,FL,Electricista de primera,58,mañana,13:20,Correa transportadora,08-00768,PERI-1,"B, E, G, I, K, L, M"
FAI-1995-79,1995,1995-10-31,Martes,Metal/NonMetal,Acarreo motorizado,LA,Capataz,27,noche,23:30,Cargador frontal,16-00358,PERI-1,"E, G, I, L, M"
FAI-1995-80,1995,1995-10-31,Martes,Metal/NonMetal,Electrocución / Contacto eléctrico,AZ,Electricista,30,mañana,12:01,Pala hidráulica,02-00024,PERI-1,"G, K, L"
FAI-1995-42,1995,1995-11-03,Viernes,Metal/NonMetal,Ahogamiento,MI,Obrero (laborer),47,mañana,07:10,Cargador frontal,20-00365,PERI-1,"B, E, G, L, M"
FAI-1995-82,1995,1995-11-08,Miércoles,Coal,Caída de techo,WV,Supervisor,N/D,noche,23:20,Continuous miner,46-05978,ATAJ-1,"E, G, I, L, M"
FAI-1995-83,1995,1995-11-10,Viernes,Coal,Acarreo motorizado,CA,Operador de equipo,21,mañana,07:00,Continuous miner,04-01736,COMP-2,"B, E, G, I, L, M"
FAI-1995-84,1995,1995-11-28,Martes,Coal,Caída de persona,GA,Operador de cargadora,51,tarde,19:00,Correa transportadora,09-01081,PERI-1,"E, G, I, L, M"
FAI-1995-100,1995,1995-11-30,Jueves,Metal/NonMetal,Atrapamiento por maquinaria,CA,Operador de molino,34,tarde,14:20,Correa transportadora,04-01696,NORM-1,"E, G, M"
FAI-1995-85,1995,1995-12-05,Martes,Metal/NonMetal,Atrapamiento por maquinaria,TN,Minero,33,noche,03:55,Cargador frontal,40-00075,PERI-1,"G, K, L"
FAI-1995-86,1995,1995-12-06,Miércoles,Coal,Caída de persona,IL,Contratista,32,mañana,12:30,Pala hidráulica,11-00610,DISP-1,"B, K, L, N"
FAI-1995-87,1995,1995-12-07,Jueves,Coal,Caída de techo,WV,Operador de minador continuo,N/D,mañana,10:14,Continuous miner,46-05978,ATAJ-1,"B, E, G, I, L, M"
FAI-1995-88,1995,1995-12-08,Viernes,Metal/NonMetal,Electrocución / Contacto eléctrico,NJ,Operador,34,mañana,11:00,Correa transportadora,28-00035,PERI-1,"E, G, K, L, M"
FAI-1995-89B,1995,1995-12-09,Sábado,Metal/NonMetal,Acarreo motorizado,NV,Conductor,34,noche,02:55,Bulldozer/topadora,26-01089,PERI-1,"B, E, G, L, M"
FAI-1995-90,1995,1995-12-11,Lunes,Metal/NonMetal,Acarreo motorizado,MO,Operador,40,mañana,08:50,CAEX,23-00701,META-1,"B, E, G, I, L, M"
FAI-1995-91,1995,1995-12-12,Martes,Metal/NonMetal,Caída de persona,MS,Supervisor,24,mañana,10:30,Cargador frontal,22-00619,CONF-2,"B, E, G, I, L, M"
FAI-1995-92,1995,1995-12-14,Jueves,Metal/NonMetal,Atrapamiento por maquinaria,OH,Operador,50,mañana,12:30,Bulldozer/topadora,33-00043,META-1,B
FAI-1995-89,1995,1995-12-18,Lunes,Coal,Acarreo motorizado,WV,Capataz,38,tarde,16:20,Continuous miner,46-08395,ATAJ-1,"E, G, K, L, M, N"
FAI-1995-93,1995,1995-12-19,Martes,Coal,Acarreo motorizado,AZ,Operador de camión de mina subterránea,41,noche,23:30,Continuous miner,02-00840,PERI-1,"E, G, I, L, M"
FAI-1995-94,1995,1995-12-21,Jueves,Coal,Falla de highwall / Talud,WV,Minero,35,noche,04:00,Continuous miner,46-08200,META-1,"B, E, G, I, L, M"
FAI-1995-95,1995,1995-12-22,Viernes,Metal/NonMetal,Atrapamiento por maquinaria,MI,Contratista — Conductor de camión,30,mañana,10:50,Grúa,20-02688,PERI-1,"E, G, M"
FAI-1995-96,1995,1995-12-23,Sábado,Coal,Atrapamiento por maquinaria,WV,Operador,62,mañana,07:00,Continuous miner,46-04678,COMP-2,"E, G, K, L, M"
FAI-1995-97,1995,1995-12-24,Domingo,Metal/NonMetal,Acarreo motorizado,AZ,Conductor de camión,41,tarde,20:00,CAEX,02-00840,PERI-1,"B, E, G, I, L, M"
FAI-1995-98,1995,1995-12-27,Miércoles,Metal/NonMetal,Atrapamiento por maquinaria,NV,Obrero general,44,mañana,13:30,Grúa,26-00639,CONF-3,"E, G, M"
FAI-1996-M01,1996,1996-01-11,Jueves,Metal/NonMetal,Acarreo motorizado,OR,Operador,47,tarde,16:00,Cargador frontal,35-03287,META-1,"E, G, I, L, M"
FAI-1996-C01,1996,1996-01-19,Viernes,Coal,Atrapamiento por maquinaria,WV,Capataz,30,mañana,13:15,Continuous miner,46-08382,PERI-1,"E, G, K, L, M"
FAI-1996-C02,1996,1996-01-23,Martes,Coal,Atrapamiento por maquinaria,KY,Soldador (welder),N/D,mañana,13:40,Cargador frontal,44-04251,CONF-3,"E, G, M"
FAI-1996-C03,1996,1996-01-24,Miércoles,Coal,Acarreo motorizado,WV,Inspector,22,tarde,16:00,Correa transportadora,46-01453,NORM-3,"B, E, G, I, L, M"
FAI-1996-M02,1996,1996-01-25,Jueves,Metal/NonMetal,Acarreo motorizado,AZ,Conductor de camión,26,día,05:20,CAEX,02-00024,META-1,"B, E, G, I, L, M"
FAI-1996-M03,1996,1996-02-06,Martes,Metal/NonMetal,Acarreo motorizado,PA,Obrero general,20,mañana,12:15,Cargador frontal,36-00060,META-1,"B, E, G, I, L, M"
FAI-1996-C04,1996,1996-02-07,Miércoles,Coal,Caída de costilla,WV,Operador de cargadora de cadena,16,mañana,08:20,Continuous miner,46-01433,ATAJ-1,"B, E, G, I, L, M"
FAI-1996-C05,1996,1996-02-08,Jueves,Coal,Atrapamiento por maquinaria,KY,Ayudante,38,mañana,08:25,Huinche/Winche,15-17721,NORM-1,"E, G, K, L, M"
FAI-1996-M04,1996,1996-02-09,Viernes,Metal/NonMetal,Caída de persona,TX,Capataz,N/D,tarde,17:45,Correa transportadora,41-00026,PERI-1,"B, E, G, I, L, M"
FAI-1996-M06,1996,1996-02-09,Viernes,Metal/NonMetal,Caída de persona,TX,Capataz,N/D,tarde,17:45,Correa transportadora,41-00026,PERI-1,"B, E, G, I, L, M"
FAI-1996-M05,1996,1996-02-14,Miércoles,Metal/NonMetal,Atrapamiento por maquinaria,CA,Mecánico,35,día,08:30 (OFICIAL-informe),Perforadora hidráulica sobre orugas,04-00239,NORM-2,"B, E, G, M"
FAI-1996-C06,1996,1996-02-15,Jueves,Coal,Acarreo motorizado,WV,Operador de scoop,72,mañana,07:00,Roof bolter,46-07854,PERI-1,"B, E, G, I, L, M"
FAI-1996-M07,1996,1996-02-15,Jueves,Metal/NonMetal,Acarreo motorizado,OK,Supervisor,38,noche,01:40,Cargador frontal,34-01299,NORM-1,B
CAI-1996-90,1996,1996-03-01,Viernes,Coal,Acarreo motorizado,KY,Operador de empernadora (asistiendo reparación de correa),35,día,06:00 (OFICIAL-informe),Equipo de acarreo subterráneo,15-14186,NORM-2,"E, G, I, L, M"
FAI-1996-M11,1996,1996-03-09,Sábado,Metal/NonMetal,Manejo de materiales,NV,Ayudante,42,mañana,12:15,N/D (exp. total=6a; exp. en puesto específico no disponible en informe),26-02246,NORM-1,"E, G, M"
FAI-1996-C08,1996,1996-03-10,Domingo,Coal,Acarreo motorizado,AL,Capataz,45,mañana,07:30,Continuous miner,01-01247,ATAJ-1,"E, G, I, L, M"
FAI-1996-C09,1996,1996-03-11,Lunes,Coal,Acarreo motorizado,KY,Capataz,31,mañana,11:00,Shuttle car,15-14492,CONF-1,"E, G, I, L, M"
FAI-1996-M08,1996,1996-03-19,Martes,Metal/NonMetal,Acarreo motorizado,AZ,Electricista,44,día,05:00,CAEX,02-00144,META-1,"E, G, I, L, M"
FAI-1996-C10,1996,1996-03-20,Miércoles,Coal,Acarreo motorizado,KY,Operador de scoop,34,tarde,17:30,Continuous miner,15-08293,PERI-1,"E, G, M"
FAI-1996-M09,1996,1996-03-20,Miércoles,Metal/NonMetal,Atrapamiento por maquinaria,CA,Mecánico,41,mañana,10:00,Cargador frontal,04-01763,META-1,"E, G, M"
FAI-1996-M10,1996,1996-04-03,Miércoles,Metal/NonMetal,Acarreo motorizado,TN,Supervisor,50,día,05:45,LHD/Scoop,40-00166,PERI-1,"B, E, G, I, L, M"
FAI-1996-C14,1996,1996-04-07,Domingo,Coal,Acarreo motorizado,KY,Capataz,26,tarde,14:00,Continuous miner,15-17232,NORM-1,"B, E, G, I, L, M"
FAI-1996-C11,1996,1996-04-08,Lunes,Coal,Acarreo motorizado,IL,Obrero general,45,tarde,17:00,Shuttle car,11-00612,ATAJ-1,"B, E, G, I, L, M"
FAI-1996-C12,1996,1996-04-10,Miércoles,Coal,Atrapamiento por maquinaria,PA,Inspector,26,mañana,10:10,Continuous miner,36-05018,META-1,"E, G, I, K, L, M, N"
FAI-1996-M24,1996,1996-04-10,Miércoles,Metal/NonMetal,Explosión / Incendio,UT,Inspector,42,tarde,17:10,Camión de servicio,42-01828,PERI-1,"B, E, G, K, L, M"
FAI-1996-C13,1996,1996-04-11,Jueves,Coal,Atrapamiento por maquinaria,WV,Operador de perforadora de techo y obrero,N/D,noche,23:30,Roof bolter,46-08505,PERI-1,"E, G, M"
FAI-1996-M12,1996,1996-04-17,Miércoles,Metal/NonMetal,Caída de persona / Ahogamiento,MD,Operador,41,mañana,11:30,Pala hidráulica,18-00581,PERI-1,"B, E, G, I, L, M"
FAI-1996-M13,1996,1996-04-17,Miércoles,Metal/NonMetal,Caída de persona / Ahogamiento,MD,Operador,N/D,mañana,11:30,Pala hidráulica,18-00581,PERI-1,"B, E, G, I, L, M"
FAI-1996-C15,1996,1996-04-20,Sábado,Coal,Manejo de materiales,WV,Operador de minador continuo,N/D,noche,04:30,Correa transportadora,46-06051,ATAJ-1,"E, G, M"
FAI-1996-M14,1996,1996-04-23,Martes,Metal/NonMetal,Atrapamiento por maquinaria,NV,Operador,33,tarde,14:00,Correa transportadora,26-02267,META-1,"E, G, M"
FAI-1996-M15,1996,1996-04-26,Viernes,Metal/NonMetal,Electrocución / Contacto eléctrico,AR,Operador,34,mañana,09:45,Cargador frontal,03-01399,NORM-1,"E, G, K, L"
FAI-1996-C16,1996,1996-05-05,Domingo,Coal,Acarreo motorizado,PA,Operador,30,tarde,18:10,Cargador frontal,36-00884,PERI-1,"B, E, G, I, L, M"
FAI-1996-M16,1996,1996-05-07,Martes,Metal/NonMetal,Acarreo motorizado,OR,Operador,25,mañana,08:30,Correa transportadora,35-03363,META-1,"B, G"
FAI-1996-M17,1996,1996-05-08,Miércoles,Metal/NonMetal,Electrocución / Contacto eléctrico,PA,Contratista — Obrero general,31,mañana,09:20,Cargador frontal,36-02362,PERI-1,"E, G, K, L"
FAI-1996-M18,1996,1996-05-10,Viernes,Metal/NonMetal,Caída de techo,MO,Obrero,45,mañana,13:00,Cargador frontal,23-00202,NORM-1,"B, E, G, I, L, M"
FAI-1996-M19,1996,1996-05-10,Viernes,Metal/NonMetal,Caída de techo,MO,Perforista,27,mañana,13:00,Cargador frontal,23-00202,NORM-1,"B, E, G, I, L, M"
FAI-1996-M20,1996,1996-05-10,Viernes,Metal/NonMetal,Caída de persona,WI,Obrero general,52,mañana,10:00,Correa transportadora,47-00097,NORM-1,"B, E, G, M"
FAI-1996-M21,1996,1996-05-16,Jueves,Metal/NonMetal,Acarreo motorizado,IA,Operador,41,tarde,15:50,Correa transportadora,13-02149,NORM-1,"B, E, G, I, L, M"
FAI-1996-C17,1996,1996-05-17,Viernes,Coal,Acarreo motorizado,IL,Inspector,53,tarde,16:00,Correa transportadora,11-00877,PERI-1,"B, E, G, I, L, M"
FAI-1996-M22,1996,1996-05-18,Sábado,Metal/NonMetal,Acarreo motorizado,CA,Conductor de camión,70,mañana,13:30,CAEX,04-02965,PERI-1,"B, E, G, I, L, M"
FAI-1996-M23,1996,1996-05-28,Martes,Metal/NonMetal,Caída de persona,NC,Supervisor,25,mañana,13:30,Cargador frontal,31-02002,PERI-1,"E, G, I, L, M"
FAI-1996-M25,1996,1996-06-19,Miércoles,Metal/NonMetal,Acarreo motorizado,IL,Contratista — Conductor de camión,35,mañana,10:30,Cargador frontal,11-01117,NORM-1,"B, E, G, I, L, M"
FAI-1996-C18,1996,1996-06-26,Miércoles,Coal,Explosión / Incendio,WV,Capataz,54,mañana,11:00,Continuous miner,46-03374,META-1,"E, G, K, L, M"
FAI-1996-M26,1996,1996-06-26,Miércoles,Metal/NonMetal,Caída de persona,PA,Conductor de camión,35,mañana,13:35,Cargador frontal,36-05128,PERI-1,"E, G, I, L, M"
FAI-1996-M28,1996,1996-06-29,Sábado,Metal/NonMetal,Acarreo motorizado,OK,Supervisor,44,mañana,07:00,Cargador frontal,34-01794,META-1,"B, G"
FAI-1996-C19,1996,1996-07-08,Lunes,Coal,Acarreo motorizado,VA,Operador,47,mañana,11:00,Continuous miner,44-03808,NORM-1,"B, E, G, I, L, M"
FAI-1996-M27,1996,1996-07-08,Lunes,Metal/NonMetal,Acarreo motorizado,IL,Mecánico,52,mañana,09:15,CAEX,11-00033,PERI-1,"E, G, K, M"
FAI-1996-M29,1996,1996-07-17,Miércoles,Metal/NonMetal,Caída de persona,KY,Supervisor,38,tarde,17:05,Correa transportadora,15-00008,NORM-1,"B, E, G, I, L, M"
FAI-1996-M30,1996,1996-07-21,Domingo,Metal/NonMetal,Acarreo motorizado,VA,No empleado,15,mañana,08:45,Cargador frontal,44-02786,NORM-3,"B, E, G, I, L, M"
FAI-1996-M31,1996,1996-07-24,Miércoles,Metal/NonMetal,Caída de costilla,NV,Minero,58,tarde,14:55,N/D (exp. total=36a; exp. en puesto específico no disponible en informe),26-01503,PERI-1,"E, G, M"
FAI-1996-M32,1996,1996-07-28,Domingo,Metal/NonMetal,Atrapamiento por maquinaria,CA,Mecánico de servicio de campo,34,mañana,10:00,Cargador frontal,04-00743,PERI-1,"E, G, M"
FAI-1996-M33,1996,1996-08-07,Miércoles,Metal/NonMetal,Caída de persona,MO,Inspector,55,noche,04:10,Rope/cable metálico,23-00188,NORM-1,"B, E, G, I, L, M"
FAI-1996-C20,1996,1996-08-15,Jueves,Coal,Caída de techo,KY,Minero,32,día,N/D,Techo de la mina,15-16126,NORM-2,"B, E, G, I, L, M"
FAI-1996-C21,1996,1996-08-16,Viernes,Coal,Caída de costilla,AL,Capataz de sección,N/D,tarde,15:00,Continuous miner,01-00851,PERI-1,"B, E, G, I, L, M"
FAI-1996-C22,1996,1996-09-09,Lunes,Coal,Caída de costilla,WV,Electricista,45,mañana,07:40,Continuous miner,46-08055,PERI-1,"B, E, G, I, L, M"
FAI-1996-M34,1996,1996-09-10,Martes,Metal/NonMetal,Caída de persona,MS,Supervisor,45,mañana,08:30,Huinche/Winche,22-00679,ATAJ-1,"B, E, G, I, L, M"
FAI-1996-C23,1996,1996-09-11,Miércoles,Coal,Acarreo motorizado,WY,Minero,34,noche,00:05,Continuous miner,48-01186,PERI-1,"E, G, I, L, M"
FAI-1996-M35,1996,1996-09-12,Jueves,Metal/NonMetal,Electrocución / Contacto eléctrico,ID,Minero,49,tarde,16:00,Huinche/Winche,10-00479,PERI-1,"E, G, M"
FAI-1996-M36,1996,1996-09-16,Lunes,Metal/NonMetal,Caída de material,PR,Supervisor,54,mañana,09:45,CAEX,54-00120,PERI-1,"E, G, M"
FAI-1996-M37,1996,1996-09-16,Lunes,Metal/NonMetal,Caída de material,PR,Supervisor,N/D,mañana,09:45,CAEX,54-00120,PERI-1,"E, G, M"
FAI-1996-C24,1996,1996-09-18,Miércoles,Coal,Caída de techo,VA,Operador,31,mañana,09:14,Continuous miner,44-06727,PERI-1,"B, E, G, I, L, M"
FAI-1996-C25,1996,1996-09-30,Lunes,Coal,Acarreo motorizado,WV,Capataz,21,mañana,13:30,Continuous miner,46-07622,NORM-1,"B, E, G, I, L, M"
FAI-1996-M38,1996,1996-10-04,Viernes,Metal/NonMetal,Acarreo motorizado,TX,Operador,31,mañana,11:30,Chancador,41-00059,META-1,"B, E, G, I, L, M"
FAI-1996-M39,1996,1996-10-09,Miércoles,Metal/NonMetal,Caída de persona,NC,Supervisor,58,mañana,09:15,Grúa,31-00037,META-1,"B, E, G, I, L, M"
FAI-1996-M40,1996,1996-10-09,Miércoles,Metal/NonMetal,Acarreo motorizado,MT,Operador,55,mañana,13:00,Cargador frontal,24-01501,NORM-1,"B, E, G, I, L, M"
FAI-1996-C26,1996,1996-10-21,Lunes,Coal,Atrapamiento por maquinaria,WV,Operador,30,tarde,19:10,Continuous miner,46-08516,NORM-1,"E, G, K, L, M"
FAI-1996-C27,1996,1996-10-24,Jueves,Coal,Acarreo motorizado,KY,Capataz,35,mañana,13:40,Correa transportadora,N/D,META-1,"B, E, G, I, L, M"
FAI-1996-C28,1996,1996-10-26,Sábado,Coal,Acarreo motorizado,PA,Inspector,33,mañana,10:15,Shuttle car,36-00970,META-1,"B, E, G, I, L, M"
FAI-1996-C29,1996,1996-10-27,Domingo,Coal,Acarreo motorizado,WV,Operador,38,noche,03:55,Correa transportadora,46-01453,PERI-1,"B, E, G, I, L, M"
FAI-1996-C30,1996,1996-10-29,Martes,Coal,Caída de techo,KY,Capataz,28,mañana,13:50,Shuttle car,15-16993,PERI-1,"E, G, I, L, M"
FAI-1996-C31,1996,1996-10-29,Martes,Coal,Acarreo motorizado,CO,Ingeniero de minas,26,mañana,12:45,Continuous miner,05-03505,ATAJ-1,"B, E, G, I, L, M"
FAI-1996-M41,1996,1996-10-29,Martes,Metal/NonMetal,Atrapamiento por maquinaria,SC,Operador,24,mañana,09:50,Cargador frontal,38-00014,NORM-1,"E, G, K, L, M"
FAI-1996-C32,1996,1996-11-01,Viernes,Coal,Acarreo motorizado,WV,Operador de minador continuo,38,mañana,13:30,Continuous miner,46-06958,PERI-1,"B, E, G, I, L, M"
FAI-1996-M42,1996,1996-11-05,Martes,Metal/NonMetal,Acarreo motorizado,FL,Conductor de camión,45,tarde,17:10,Bulldozer/topadora,08-01078,NORM-1,"B, E, G, I, L, M"
FAI-1996-C33,1996,1996-11-14,Jueves,Coal,Caída de costilla,UT,Capataz de longwall,N/D,tarde,18:30,Shuttle car,42-02028,ATAJ-1,"E, G, L, M"
FAI-1996-M43,1996,1996-11-18,Lunes,Metal/NonMetal,Acarreo motorizado,NV,Ayudante,38,tarde,18:15,CAEX,26-01621,PERI-1,"B, E, G, I, L, M"
CAI-1996-HC-02,1996,1996-11-20,Miércoles,Coal,Caída de costilla,KY,Inspector,22,tarde,14:08,Continuous miner,15-07201,PERI-1,"B, E, G, I, L, M"
FAI-1996-C34,1996,1996-11-20,Miércoles,Coal,Caída de costilla,KY,Inspector,16,tarde,14:08,Continuous miner,15-07201,PERI-1,"B, E, G, I, L, M"
FAI-1996-M44,1996,1996-11-29,Viernes,Metal/NonMetal,Acarreo motorizado,MI,Mecánico,38,tarde,16:50,Cargador frontal,20-02241,PERI-1,"B, E, G, I, K, L, M"
MAI-1996-90,1996,1996-12-02,Lunes,Metal/NonMetal,Acarreo motorizado,MI,Trabajador minero,41,día,16:50 (OFICIAL-informe),Equipo asociado a acarreo motorizado,20-00628,NORM-2,"E, G, I, L, M"
FAI-1996-C39,1996,1996-12-09,Lunes,Coal,Acarreo motorizado,VA,Capataz,35,tarde,16:55,Continuous miner,44-06634,CONF-1,"B, E, G, I, L, M"
FAI-1996-M45,1996,1996-12-12,Jueves,Metal/NonMetal,Acarreo motorizado,PA,Operador,44,tarde,15:15,Grúa horquilla,36-00052,META-1,"B, E, G, I, L, M"
FAI-1996-M46,1996,1996-12-17,Martes,Metal/NonMetal,Falla de highwall / Talud,PA,Volador senior,36,mañana,11:10,Cargador frontal,36-00184,PERI-1,"E, G, M"
FAI-1996-C37,1996,1996-12-18,Miércoles,Coal,Atrapamiento por maquinaria,AZ,Supervisor,31,tarde,16:30,Correa transportadora,02-01195,PERI-1,"E, G, M"
FAI-1996-C36,1996,1996-12-19,Jueves,Coal,Falla de highwall / Talud,KY,Operador de excavadora,N/D,tarde,16:50,CAEX,15-02013,META-1,"E, G, M"
FAI-1996-C38,1996,1996-12-23,Lunes,Coal,Caída de techo,UT,Minero,53,mañana,11:30,Continuous miner,42-02095,META-1,"B, E, G, I, L, M"
FAI-1997-M01,1997,1997-01-08,Miércoles,Metal/NonMetal,Atrapamiento por maquinaria,WA,Contratista — Electricista,37,mañana,12:30,Correa transportadora,45-00995,NORM-3,"G, K, L"
FAI-1997-M02,1997,1997-01-14,Martes,Metal/NonMetal,Acarreo motorizado,NV,Operador,47,noche,23:00,Correa transportadora,26-02254,PERI-1,"E, G, I, K, L, M"
FAI-1997-M03,1997,1997-01-15,Miércoles,Metal/NonMetal,Acarreo motorizado,NV,Minero,36,tarde,16:15,Cargador frontal,26-02233,PERI-1,"B, E, G, I, L, M"
FAI-1997-M04,1997,1997-01-17,Viernes,Metal/NonMetal,Caída de persona,FL,Supervisor,49,mañana,12:45,Grúa,08-00159,META-1,"B, E, G, I, L, M"
FAI-1997-C01,1997,1997-01-29,Miércoles,Coal,Acarreo motorizado,KY,Minero,26,tarde,14:35,Continuous miner,15-13103,PERI-1,"E, G, K, L, M"
FAI-1997-C02,1997,1997-01-31,Viernes,Coal,Acarreo motorizado,WV,Inspector,38,tarde,16:00,Roof bolter,46-06715,NORM-1,"B, E, G, I, L, M"
FAI-1997-M05,1997,1997-02-03,Lunes,Metal/NonMetal,Caída de techo,TN,Supervisor,36,mañana,13:15,Huinche/Winche,40-01627,PERI-1,"B, E, G, I, L, M"
FAI-1997-M07,1997,1997-02-03,Lunes,Metal/NonMetal,Acarreo motorizado,CA,Operador,36,mañana,07:00,Correa transportadora,04-05302,COMP-2,"G, I, K, L, M, N"
FAI-1997-M08,1997,1997-02-03,Lunes,Metal/NonMetal,Acarreo motorizado,OR,Conductor de camión,37,mañana,12:15,CAEX,35-03418,NORM-3,"B, E, G, I, L, M"
FAI-1997-M06,1997,1997-02-05,Miércoles,Metal/NonMetal,Caída de techo,NV,Minero,35,noche,02:45,CAEX,26-02184,NORM-1,"E, G, I, L, M"
FAI-1997-C03,1997,1997-02-06,Jueves,Coal,Atrapamiento por maquinaria,WV,Conductor de camión,N/D,tarde,14:17,Cargador frontal,46-03158,PERI-1,"B, G"
FAI-1997-C04,1997,1997-02-07,Viernes,Coal,Acarreo motorizado,PA,Inspector,33,mañana,08:40,Shuttle car,36-07230,META-1,"B, E, G, I, L, M"
FAI-1997-M09,1997,1997-02-14,Viernes,Metal/NonMetal,Acarreo motorizado,TX,Operador,31,mañana,13:15,Cargador frontal,41-03206,NORM-1,"E, G, I, L, M"
FAI-1997-M10,1997,1997-02-15,Sábado,Metal/NonMetal,Falla de highwall / Talud,MO,Contratista,40,tarde,15:30,Pala hidráulica,23-00134,PERI-1,"B, E, G, I, L, M"
FAI-1997-M11,1997,1997-02-17,Lunes,Metal/NonMetal,Acarreo motorizado,KS,Contratista — Conductor de camión,50,mañana,06:15,Correa transportadora,14-00543,PERI-1,"B, E, G, I, L, M"
FAI-1997-M12,1997,1997-02-20,Jueves,Metal/NonMetal,Acarreo motorizado,SC,Supervisor,53,mañana,07:30,CAEX,38-00626,META-1,"B, E, G, I, L, M"
FAI-1997-M13,1997,1997-02-24,Lunes,Metal/NonMetal,Acarreo motorizado,KS,Conductor,49,mañana,09:30,CAEX,14-01040,CONF-1,"E, G, I, L, M"
FAI-1997-M14,1997,1997-02-26,Miércoles,Metal/NonMetal,Atrapamiento por maquinaria,CA,Operador,29,mañana,11:00,Cargador frontal,04-03569,META-1,"E, G, M"
FAI-1997-M15,1997,1997-03-06,Jueves,Metal/NonMetal,Electrocución / Contacto eléctrico,FL,Soldador,27,tarde,15:00,Pala hidráulica,08-00877,PERI-1,"E, G, M"
FAI-1997-M16,1997,1997-03-13,Jueves,Metal/NonMetal,Acarreo motorizado,CA,Contratista — Capataz,60,tarde,15:00,Bulldozer/topadora,04-05292,PERI-1,"B, E, G, I, L, M"
FAI-1997-M17,1997,1997-03-15,Sábado,Metal/NonMetal,Atrapamiento por maquinaria,CA,Contratista,49,tarde,15:30,Cargador frontal,04-04758,PERI-1,"E, G, M"
FAI-1997-C05,1997,1997-03-18,Martes,Coal,Acarreo motorizado,WV,Contratista,31,día,05:30,CAEX,46-06713,PERI-1,"B, E, G, I, L, M"
FAI-1997-C06,1997,1997-03-23,Domingo,Coal,Caída de costilla,IL,Operador,21,mañana,07:00,Longwall shearer,11-02752,NORM-1,"E, G, M"
FAI-1997-M18,1997,1997-03-24,Lunes,Metal/NonMetal,Acarreo motorizado,TX,Operador,40,mañana,09:00,Correa transportadora,41-01477,CONF-3,"B, E, G, I, L, M"
FAI-1997-C07,1997,1997-03-28,Viernes,Coal,Atrapamiento por maquinaria,PA,Electricista,45,mañana,11:00,Continuous miner,36-00958,CONF-1,"E, G, M"
FAI-1997-M19,1997,1997-04-01,Martes,Metal/NonMetal,Caída de costilla,TN,Supervisor,39,mañana,11:40,Cargador frontal,40-00087,NORM-1,"E, G, M"
FAI-1997-C08,1997,1997-04-02,Miércoles,Coal,Acarreo motorizado,WV,No determinado (campo contaminado — S303),34,tarde,17:04,Correa transportadora,46-04670,PERI-1,"B, E, G, I, L, M"
FAI-1997-M20,1997,1997-04-09,Miércoles,Metal/NonMetal,Acarreo motorizado,MO,Conductor de camión,49,mañana,08:15,Correa transportadora,23-02109,NORM-1,"E, G, I, L, M"
FAI-1997-M21,1997,1997-04-10,Jueves,Metal/NonMetal,Electrocución / Contacto eléctrico,AZ,Supervisor,55,mañana,09:30,N/D (exp. total=32a; exp. en puesto específico no disponible en informe),02-02626,PERI-1,"E, G, K, L, M"
FAI-1997-M23,1997,1997-04-21,Lunes,Metal/NonMetal,Atrapamiento por maquinaria,TN,Supervisor,45,mañana,10:40,Cargador frontal,40-00098,META-1,"G, K, L"
FAI-1997-M24,1997,1997-04-22,Martes,Metal/NonMetal,Acarreo motorizado,AZ,No determinado (campo contaminado — S303),21,mañana,09:30,Huinche/Winche,02-00151,PERI-1,"B, E, G, I, L, M"
FAI-1997-C09,1997,1997-04-23,Miércoles,Coal,Acarreo motorizado,WV,Minero,54,mañana,07:40,Roof bolter,46-03467,PERI-1,"B, E, G, I, L, M"
FAI-1997-M25,1997,1997-04-26,Sábado,Metal/NonMetal,Acarreo motorizado,AZ,Operador,56,mañana,07:25,Cargador frontal,02-02479,META-1,"B, E, G, I, L, M"
FAI-1997-M26,1997,1997-04-26,Sábado,Metal/NonMetal,Atrapamiento por maquinaria,FL,Operador de dragalina,45,noche,03:00,Cargador frontal,08-01045,PERI-1,"E, G, M"
FAI-1997-M27,1997,1997-04-26,Sábado,Metal/NonMetal,Atrapamiento por maquinaria,FL,Engrasador,55,noche,03:00,Cargador frontal,08-01045,PERI-1,"E, G, M"
FAI-1997-M28,1997,1997-04-27,Domingo,Metal/NonMetal,Caída de persona,IA,Inspector,64,tarde,14:15,Rope/cable metálico,13-01617,NORM-1,"B, E, G, I, L, M"
FAI-1997-M29,1997,1997-05-02,Viernes,Metal/NonMetal,Acarreo motorizado,MI,Conductor de camión,27,mañana,12:25,Correa transportadora,20-03003,PERI-1,"E, G, I, L, M"
FAI-1997-M30,1997,1997-05-05,Lunes,Metal/NonMetal,Caída de persona / Ahogamiento,OR,Persona de mantenimiento,56,mañana,09:45,Cargador frontal,35-00480,NORM-1,"E, G, M"
FAI-1997-C10,1997,1997-05-13,Martes,Coal,Electrocución / Contacto eléctrico,WV,an,47,tarde,14:00,Correa transportadora,46-08108,PERI-1,"E, G, K, L, M"
FAI-1997-C11,1997,1997-05-15,Jueves,Coal,Caída de techo,VA,Capataz,38,tarde,19:00,Continuous miner,44-06708,META-1,"B, E, G, I, L, M"
FAI-1997-M31,1997,1997-05-16,Viernes,Metal/NonMetal,Electrocución / Contacto eléctrico,KY,Supervisor,40,mañana,13:00,Chancador,15-00187,PERI-1,"E, G, K, L, M"
FAI-1997-C12,1997,1997-05-20,Martes,Coal,Acarreo motorizado,UT,Inspector,26,tarde,14:35,Shuttle car,42-00077,PERI-1,"B, E, G, I, L, M"
FAI-1997-M32,1997,1997-05-26,Lunes,Metal/NonMetal,Explosivos y detonadores,NV,Operador,54,tarde,20:55,Rope/cable metálico,26-02286,META-1,"B, E, G, K, L, M"
FAI-1997-C13,1997,1997-05-29,Jueves,Coal,Acarreo motorizado,AL,Electricista,55,mañana,06:30,Continuous miner,01-02908,PERI-1,"B, E, G, I, L, M"
FAI-1997-M33,1997,1997-06-06,Viernes,Metal/NonMetal,Acarreo motorizado,IL,Inspector,53,mañana,06:15,CAEX,11-00052,PERI-1,"B, E, G, I, L, M"
FAI-1997-M34,1997,1997-06-07,Sábado,Metal/NonMetal,Electrocución / Contacto eléctrico,NM,Inspector,28,noche,01:10,N/D (exp. total=18a; exp. en puesto específico no disponible en informe),29-00762,PERI-1,"E, G, M"
FAI-1997-C14,1997,1997-06-13,Viernes,Coal,Acarreo motorizado,TN,Mecánico,26,mañana,07:00,Cargador frontal,40-01977,PERI-1,"E, G, M"
FAI-1997-M35,1997,1997-06-20,Viernes,Metal/NonMetal,Explosivos y detonadores,MO,Inspector,41,tarde,16:45,Cargador frontal,23-00746,PERI-1,"E, G, K, L, M"
FAI-1997-M36,1997,1997-06-25,Miércoles,Metal/NonMetal,Caída de persona,UT,Electricista,44,mañana,10:15,N/D (exp. total=15a; exp. en puesto específico no disponible en informe),42-01665,NORM-1,"E, G, M"
FAI-1997-C15,1997,1997-07-01,Martes,Coal,Caída de costilla,PA,Operador de correa,26,día,05:25,Continuous miner,36-00970,CONF-1,"B, E, G, I, L, M"
FAI-1997-M47,1997,1997-07-08,Martes,Metal/NonMetal,Acarreo motorizado,NC,Contratista — Conductor de camión,44,mañana,13:40,CAEX,31-00074,META-1,"E, G, I, L, M"
FAI-1997-M48,1997,1997-07-09,Miércoles,Metal/NonMetal,Acarreo motorizado,TX,Conductor de camión,28,mañana,08:20,CAEX,41-02743,META-1,"B, E, G, I, L, M"
FAI-1997-M37,1997,1997-07-11,Viernes,Metal/NonMetal,Acarreo motorizado,KY,Mecánico,42,tarde,18:20,Correa transportadora,15-00062,META-1,"G, K, L"
CAI-1997-SB-02,1997,1997-07-15,Martes,Coal,Caída de techo,VA,Capataz,35,mañana,08:45,Continuous miner,44-03479,META-1,"B, E, G, I, L, M"
FAI-1997-C16,1997,1997-07-15,Martes,Coal,Caída de techo,VA,Capataz,16,mañana,08:45,Continuous miner,44-03479,META-1,"B, E, G, I, L, M"
FAI-1997-C18,1997,1997-07-15,Martes,Coal,Caída de techo,VA,Capataz,32,mañana,07:30,Continuous miner,44-06551,PERI-1,"B, E, G, I, L, M"
FAI-1997-C19,1997,1997-07-15,Martes,Coal,Explosión / Incendio,PA,Capataz,30,tarde,14:30,Continuous miner,36-08571,META-1,"E, G, K, L, M"
FAI-1997-M38,1997,1997-07-16,Miércoles,Metal/NonMetal,Explosivos y detonadores,CT,Supervisor,43,mañana,06:25,Cargador frontal,06-00026,META-1,"E, G, K, L, M"
FAI-1997-M39,1997,1997-07-19,Sábado,Metal/NonMetal,Acarreo motorizado,CO,Operador,19,mañana,12:30,Correa transportadora,05-03802,META-1,"E, G, I, L, M"
FAI-1997-M40,1997,1997-07-24,Jueves,Metal/NonMetal,Atrapamiento por maquinaria,TX,Capataz,71,mañana,11:55,Cargador frontal,41-01335,NORM-1,
FAI-1997-M41,1997,1997-07-25,Viernes,Metal/NonMetal,Acarreo motorizado,MA,Supervisor,54,tarde,14:30,Cargador frontal,19-00020,PERI-1,"B, E, G, I, L, M"
FAI-1997-C20,1997,1997-07-29,Martes,Coal,Atrapamiento por maquinaria,WV,Operador,35,mañana,06:05,Bulldozer/topadora,46-08249,PERI-1,"E, G, K, L, M"
FAI-1997-C21,1997,1997-07-31,Jueves,Coal,Acarreo motorizado,KY,Minero,62,noche,03:10,Bulldozer/topadora,15-17492,NORM-1,"E, G, I, L, M"
FAI-1997-M42,1997,1997-08-06,Miércoles,Metal/NonMetal,Caída de persona,GA,Supervisor,45,mañana,12:15,Huinche/Winche,09-00472,META-1,"B, E, G, I, L, M"
FAI-1997-M43,1997,1997-08-08,Viernes,Metal/NonMetal,Electrocución / Contacto eléctrico,NJ,Supervisor,19,mañana,07:00,Cargador frontal,28-00015,NORM-1,"E, G, K, L"
FAI-1997-M44,1997,1997-08-18,Lunes,Metal/NonMetal,Electrocución / Contacto eléctrico,IL,Contratista — Conductor de camión,36,mañana,11:15,Cargador frontal,11-00066,PERI-1,"E, G, M"
FAI-1997-C22,1997,1997-08-19,Martes,Coal,Acarreo motorizado,ND,Contratista,32,noche,22:00,Correa transportadora,32-00491,NORM-1,"E, G, I, L, M"
FAI-1997-M45,1997,1997-08-19,Martes,Metal/NonMetal,Electrocución / Contacto eléctrico,CA,Contratista,46,mañana,12:50,Cargador frontal,04-01763,PERI-1,"E, G, K, L"
FAI-1997-C23,1997,1997-08-24,Domingo,Coal,Acarreo motorizado,UT,Capataz,38,tarde,15:30,Continuous miner,42-02095,META-1,"B, E, G, I, L, M"
FAI-1997-M46,1997,1997-08-28,Jueves,Metal/NonMetal,Acarreo motorizado,CA,Conductor de camión,36,tarde,18:30,CAEX,04-04218,PERI-1,"B, E, G, I, L, M"
FAI-1997-M49,1997,1997-09-03,Miércoles,Metal/NonMetal,Atrapamiento por maquinaria,IL,Inspector,32,mañana,06:00,Huinche/Winche,11-00230,PERI-1,"E, G, M"
FAI-1997-M50,1997,1997-09-08,Lunes,Metal/NonMetal,Atrapamiento por maquinaria,TX,Operador,48,mañana,09:45,Cargador frontal,41-00283,META-1,"E, G, M"
FAI-1997-M51,1997,1997-09-16,Martes,Metal/NonMetal,Acarreo motorizado,NV,Contratista — Conductor de camión,58,mañana,13:30,Cargador frontal,26-02302,META-1,"E, G, I, L, M"
FAI-1997-C24,1997,1997-09-19,Viernes,Coal,Acarreo motorizado,KY,Operador,31,tarde,14:30,Correa transportadora,15-15845,PERI-1,"B, E, G, I, L, M"
FAI-1997-M52,1997,1997-09-28,Domingo,Metal/NonMetal,Caída de persona,MS,Supervisor,56,tarde,15:15,N/D (exp. total=11a; exp. en puesto específico no disponible en informe),22-00639,CONF-2,"B, E, G, I, L, M"
FAI-1997-M53,1997,1997-09-29,Lunes,Metal/NonMetal,Atrapamiento por maquinaria,AL,Supervisor,35,mañana,10:00,Cargador frontal,08-00991,PERI-1,"E, G, M"
FAI-1997-M54,1997,1997-09-30,Martes,Metal/NonMetal,Acarreo motorizado,TX,Operador,44,tarde,15:00,Mototraílla,41-03964,PERI-1,"E, G, I, L, M"
FAI-1997-C25,1997,1997-10-01,Miércoles,Coal,Acarreo motorizado,VA,Capataz,28,tarde,16:15,Continuous miner,44-03479,META-1,"B, E, G, I, L, M"
FAI-1997-M55,1997,1997-10-07,Martes,Metal/NonMetal,Caída de persona,NH,Supervisor,77,mañana,10:20,Cargador frontal,27-00315,NORM-1,"B, E, G, I, L, M"
FAI-1997-C26,1997,1997-10-15,Miércoles,Coal,Acarreo motorizado,AZ,Electricista,38,tarde,16:00,Cargador frontal,02-01195,META-1,"E, G, I, L, M"
FAI-1997-C27,1997,1997-10-16,Jueves,Coal,Acarreo motorizado,IN,Inspector,55,mañana,06:45,CAEX,12-00330,NORM-1,"E, G, I, L, M"
FAI-1997-M56,1997,1997-10-20,Lunes,Metal/NonMetal,Acarreo motorizado,GA,Supervisor,50,mañana,10:00,Cargador frontal,09-00075,PERI-1,"E, G, M"
FAI-1997-M57,1997,1997-10-20,Lunes,Metal/NonMetal,Atrapamiento por maquinaria,ID,Operador,55,mañana,08:30,Bulldozer/topadora,10-01921,PERI-1,"E, G, K, M"
FAI-1997-M58,1997,1997-10-27,Lunes,Metal/NonMetal,Caída de persona / Ahogamiento,NJ,Supervisor,50,tarde,15:00,Huinche/Winche,28-00558,PERI-1,"E, G, M"
FAI-1997-M59,1997,1997-11-12,Miércoles,Metal/NonMetal,Acarreo motorizado,NY,Operador,46,tarde,15:30,Correa transportadora,30-02817,NORM-3,"E, G, I, L, M"
FAI-1997-M60,1997,1997-12-03,Miércoles,Metal/NonMetal,Atrapamiento por maquinaria,NH,Obrero,23,tarde,14:50,Correa transportadora,27-00094,NORM-3,"E, G, K, L, M"
FAI-1997-C28,1997,1997-12-17,Miércoles,Coal,Acarreo motorizado,UT,Operador,35,mañana,11:30,Correa transportadora,42-01715,CONF-1,"B, E, G, I, L, M"
FAI-1997-M61,1997,1997-12-18,Jueves,Metal/NonMetal,Caída de persona,GA,Capataz,55,tarde,14:15,Grúa,09-00904,PERI-1,"B, G"
FAI-1997-C29,1997,1997-12-21,Domingo,Coal,Electrocución / Contacto eléctrico,KY,Electricista,54,noche,23:00,Continuous miner,15-08977,CONF-1,"G, K, L"
FAI-1997-M62,1997,1997-12-25,Jueves,Metal/NonMetal,Electrocución / Contacto eléctrico,FL,No determinado (campo contaminado — S303),35,tarde,17:30,N/D (exp. total=6a; exp. en puesto específico no disponible en informe),08-00768,NORM-1,"E, G, K, L"
FAI-1997-C30,1997,1997-12-26,Viernes,Coal,Caída de costilla,KY,No determinado (campo contaminado — S303),47,mañana,10:20,Continuous miner,15-04670,PERI-1,"B, E, G, I, L, M"
FAI-1998-C01,1998,1998-01-15,Jueves,Coal,Acarreo motorizado,VA,Mecánico,55,noche,23:15,Continuous miner,44-06643,CONF-3,"B, E, G, I, L, M"
FAI-1998-M01,1998,1998-01-19,Lunes,Metal/NonMetal,Caída de persona,OH,Contratista — Obrero general,40,mañana,10:10,Correa transportadora,33-00151,META-1,"B, E, G, I, L, M"
FAI-1998-M02,1998,1998-01-19,Lunes,Metal/NonMetal,Caída de techo,MO,Topógrafo senior,33,mañana,08:10,Cargador frontal,23-00457,PERI-1,"E, G, M"
FAI-1998-M03,1998,1998-01-19,Lunes,Metal/NonMetal,Acarreo motorizado,TX,Mecánico,72,mañana,13:30,Cargador frontal,41-03278,PERI-1,"E, G, I, L, M"
FAI-1998-C02,1998,1998-01-20,Martes,Coal,Caída de techo,WV,Operador,47,tarde,19:45,Continuous miner,46-04955,NORM-1,"B, E, G, I, L, M"
FAI-1998-M08,1998,1998-01-21,Miércoles,Metal/NonMetal,Atrapamiento por maquinaria,UT,Operador de chancadora/obrero,33,tarde,14:00,Bulldozer/topadora,42-02129,PERI-1,"E, G, K, M"
FAI-1998-C03,1998,1998-01-23,Viernes,Coal,Caída de material,WV,Obrero de construcción subterránea,N/D,tarde,18:20,Continuous miner,46-08436,PERI-1,"B, E, G, I, L, M"
FAI-1998-M04,1998,1998-01-27,Martes,Metal/NonMetal,Electrocución / Contacto eléctrico,ID,attempting to climb into the mancage attached below the skip when he fell,57,día,05:00,Rope/cable metálico,10-00089,PERI-1,"E, G, K, L, M"
FAI-1998-C04,1998,1998-02-03,Martes,Coal,Caída de techo,WV,Capataz,N/D,mañana,13:45,Continuous miner,46-08598,PERI-1,"B, E, G, I, L, M"
FAI-1998-M05,1998,1998-02-06,Viernes,Metal/NonMetal,Caída de persona,MA,Capataz,60,mañana,11:00,Cargador frontal,19-00358,COMP-2,"B, E, G, I, L, M"
FAI-1998-M06,1998,1998-02-07,Sábado,Metal/NonMetal,Atrapamiento por maquinaria,FL,Mecánico,46,mañana,11:45,Correa transportadora,08-01117,PERI-1,"E, G, M"
FAI-1998-M07,1998,1998-02-13,Viernes,Metal/NonMetal,Acarreo motorizado,ID,Conductor de camión,30,noche,22:30,CAEX,10-00531,META-1,"B, E, G, I, L, M"
FAI-1998-C05,1998,1998-02-20,Viernes,Coal,Atrapamiento por maquinaria,KY,Operador,38,día,05:40,Cargador frontal,15-05406,PERI-1,"E, G, M"
FAI-1998-M09,1998,1998-02-25,Miércoles,Metal/NonMetal,Atrapamiento por maquinaria,MI,Contratista,51,tarde,15:00,Bulldozer/topadora,20-00371,ATAJ-1,"E, G, M"
FAI-1998-C06,1998,1998-02-26,Jueves,Coal,Caída de costilla,WV,Capataz,35,tarde,14:30,Continuous miner,46-07711,NORM-1,"B, E, G, I, L, M"
FAI-1998-C07,1998,1998-03-02,Lunes,Coal,Caída de techo,KY,Capataz,29,tarde,14:30,Continuous miner,15-17911,PERI-1,"B, E, G, I, L, M"
FAI-1998-M10,1998,1998-03-04,Miércoles,Metal/NonMetal,Acarreo motorizado,AZ,Minero,47,tarde,20:30,Correa transportadora,02-00151,PERI-1,"B, E, G, I, L, M"
FAI-1998-C08,1998,1998-03-06,Viernes,Coal,Acarreo motorizado,AL,Capataz,35,noche,04:00,Correa transportadora,01-02908,CONF-1,"E, G, I, L, M"
FAI-1998-M11,1998,1998-03-06,Viernes,Metal/NonMetal,Caída de persona,OR,Supervisor,48,tarde,14:00,Grúa,35-00540,NORM-1,"E, G, I, L, M"
FAI-1998-M18,1998,1998-03-12,Jueves,Metal/NonMetal,Caída de persona,CA,Inspector,51,mañana,13:30,Cargador frontal,04-00170,META-1,"B, E, G, I, L, M"
FAI-1998-M12,1998,1998-03-13,Viernes,Metal/NonMetal,Acarreo motorizado,MI,Contratista — Conductor de camión,63,mañana,13:20,Perforadora,20-00022,NORM-1,"B, E, G, I, L, M"
FAI-1998-M13,1998,1998-03-14,Sábado,Metal/NonMetal,Acarreo motorizado,TX,Minero,24,mañana,09:30,Correa transportadora,41-01792,PERI-1,"E, G, K, M"
FAI-1998-C09,1998,1998-03-23,Lunes,Coal,Caída de techo,VA,Capataz,N/D,tarde,16:30,Continuous miner,44-06227,CONF-3,"B, E, G, I, L, M"
FAI-1998-M14,1998,1998-04-11,Sábado,Metal/NonMetal,Acarreo motorizado,PA,Supervisor,47,mañana,07:40,Correa transportadora,36-08726,META-1,"G, K, L"
FAI-1998-M15,1998,1998-04-16,Jueves,Metal/NonMetal,Caída de persona,CA,Supervisor,59,mañana,07:30,Correa transportadora,04-05096,NORM-1,"B, E, G, I, L, M"
FAI-1998-M16,1998,1998-04-22,Miércoles,Metal/NonMetal,Explosión / Incendio,TX,Inspector,28,mañana,11:30,Mototraílla,41-03430,META-1,"B, E, G, K, L, M"
FAI-1998-M17,1998,1998-04-28,Martes,Metal/NonMetal,Atrapamiento por maquinaria,TN,Supervisor,36,mañana,13:45,Correa transportadora,40-02921,PERI-1,"E, G, M"
FAI-1998-M20,1998,1998-04-29,Miércoles,Metal/NonMetal,Acarreo motorizado,PA,Supervisor,57,tarde,18:15,Correa transportadora,36-03460,PERI-1,"B, E, G, I, L, M"
FAI-1998-M23,1998,1998-04-29,Miércoles,Metal/NonMetal,Atrapamiento por maquinaria,MI,Operador,39,mañana,11:35,Cargador frontal,20-02869,NORM-1,"E, G, M"
FAI-1998-M19,1998,1998-04-30,Jueves,Metal/NonMetal,Acarreo motorizado,OR,Supervisor,40,mañana,09:45,Cargador frontal,35-02969,META-1,"E, G, I, L, M"
FAI-1998-M21,1998,1998-05-04,Lunes,Metal/NonMetal,Acarreo motorizado,AR,Capataz,34,tarde,14:20,Grúa,03-00542,META-1,"B, E, G, I, L, M"
FAI-1998-M22,1998,1998-05-06,Miércoles,Metal/NonMetal,Caída de persona,WI,Operador,38,tarde,17:30,Cargador frontal,47-01758,PERI-1,"B, E, G, I, L, M"
FAI-1998-M24,1998,1998-05-14,Jueves,Metal/NonMetal,Acarreo motorizado,IA,Conductor de camión,35,mañana,11:00,Cargador frontal,13-02195,PERI-1,"B, E, G, I, L, M"
FAI-1998-C10,1998,1998-05-22,Viernes,Coal,Acarreo motorizado,KY,Operador,21,mañana,11:30,Cargador frontal,15-17939,META-1,"B, E, G, I, L, M"
FAI-1998-M25,1998,1998-05-26,Martes,Metal/NonMetal,Atrapamiento por maquinaria,UT,Operador,56,mañana,09:00,Correa transportadora,42-02199,PERI-1,"B, E, G, K, L, M"
FAI-1998-M26,1998,1998-05-28,Jueves,Metal/NonMetal,Acarreo motorizado,TX,Conductor de camión,60,mañana,13:00,Cargador frontal,41-02391,CONF-3,"B, E, G, I, L, M"
FAI-1998-C11,1998,1998-06-04,Jueves,Coal,Acarreo motorizado,VA,Capataz,32,tarde,17:10,Continuous miner,44-06744,PERI-1,"B, E, G, I, L, M"
FAI-1998-C12,1998,1998-06-06,Sábado,Coal,Acarreo motorizado,KY,Capataz,35,mañana,08:45,Continuous miner,15-17781,NORM-1,"B, E, G, I, L, M"
FAI-1998-C13,1998,1998-06-11,Jueves,Coal,Acarreo motorizado,KY,Operador,72,tarde,14:30,Continuous miner,15-17299,CONF-1,"B, E, G, I, L, M"
FAI-1998-C14,1998,1998-06-12,Viernes,Coal,Caída de techo,WV,Capataz,38,mañana,12:45,Continuous miner,46-08644,PERI-1,"B, E, G, I, L, M"
FAI-1998-M29,1998,1998-06-22,Lunes,Metal/NonMetal,Atrapamiento por maquinaria,KS,Operador,67,tarde,14:25,Cargador frontal,14-01463,PERI-1,"B, E, G, M"
FAI-1998-M27,1998,1998-07-01,Miércoles,Metal/NonMetal,Acarreo motorizado,MD,Ingeniero,41,mañana,13:15,Cargador frontal,18-00017,PERI-1,"B, E, G, I, L, M"
FAI-1998-C15,1998,1998-07-02,Jueves,Coal,Acarreo motorizado,WY,Técnico minero (mining technician),38,mañana,12:15,Correa transportadora,48-01200,PERI-1,"E, G, I, L, M"
FAI-1998-M28,1998,1998-07-14,Martes,Metal/NonMetal,Atrapamiento por maquinaria,IA,Supervisor,63,tarde,14:30,Correa transportadora,13-00683,PERI-1,"E, G, M"
FAI-1998-C16,1998,1998-07-16,Jueves,Coal,Acarreo motorizado,PA,Capataz,53,noche,04:00,Huinche/Winche,36-07328,COMP-2,"B, E, G, I, L, M"
FAI-1998-M31,1998,1998-07-17,Viernes,Metal/NonMetal,Caída de persona,FL,Vidriero,73,mañana,10:30,Cargador frontal,08-00892,PERI-1,"B, E, G, I, L, M"
FAI-1998-C17,1998,1998-07-23,Jueves,Coal,Acarreo motorizado,OH,Ingeniero,21,mañana,10:00,Shuttle car,33-01173,CONF-1,"E, G, I, L, M"
FAI-1998-M30,1998,1998-07-23,Jueves,Metal/NonMetal,Acarreo motorizado,IA,Operador,42,mañana,06:00,Bulldozer/topadora,13-02219,PERI-1,"B, E, G, I, L, M"
FAI-1998-M32,1998,1998-08-01,Sábado,Metal/NonMetal,Atrapamiento por maquinaria,TX,Mecánico,61,mañana,09:50,Cargador frontal,41-00906,PERI-1,"E, G, K, M"
FAI-1998-C18,1998,1998-08-08,Sábado,Coal,Caída de techo,WV,Electricista,53,tarde,14:00,Continuous miner,46-08702,PERI-1,"B, E, G, I, L, M"
FAI-1998-M51,1998,1998-08-09,Domingo,Metal/NonMetal,Explosivos y detonadores,AZ,Supervisor,55,mañana,09:45,Camión de servicio,02-00024,PERI-1,"B, E, G, K, L, M"
FAI-1998-C19,1998,1998-08-13,Jueves,Coal,Caída de techo,KY,Capataz,72,tarde,20:00,Roof bolter,15-17888,CONF-1,"E, G, I, L, M"
FAI-1998-M34,1998,1998-08-15,Sábado,Metal/NonMetal,Acarreo motorizado,NC,employed by the security service,69,tarde,21:00,Pala hidráulica,31-01105,NORM-1,"E, G, I, L, M"
FAI-1998-M33,1998,1998-08-18,Martes,Metal/NonMetal,Caída de persona,CA,Perforista,22,tarde,16:30,Pala hidráulica,04-00743,PERI-1,"E, G, I, L, M"
FAI-1998-C20,1998,1998-08-19,Miércoles,Coal,Acarreo motorizado,KY,Contratista,38,tarde,14:30,Cargador frontal,15-17648,NORM-1,"B, E, G, M"
FAI-1998-M35,1998,1998-08-21,Viernes,Metal/NonMetal,Caída de persona,GA,Obrero general,41,tarde,17:50,Cargador frontal,09-00128,PERI-1,"E, G, I, L, M"
FAI-1998-M36,1998,1998-08-23,Domingo,Metal/NonMetal,Explosión,MN,Supervisor de turno,44,día,05:10,Cargador frontal,21-00820,PERI-1,"E, G, M"
FAI-1998-M37,1998,1998-08-28,Viernes,Metal/NonMetal,Atrapamiento por maquinaria,NY,Mecánico/Soldador,64,tarde,15:45,Cargador frontal,30-02851,PERI-1,"E, G, M"
FAI-1998-M38,1998,1998-08-28,Viernes,Metal/NonMetal,Electrocución / Contacto eléctrico,WY,Operador,53,mañana,12:40,Shuttle car,48-00152,PERI-1,"E, G, K, L, M"
FAI-1998-C21,1998,1998-09-01,Martes,Coal,Acarreo motorizado,KY,Conductor de camión,34,tarde,14:55,Bulldozer/topadora,15-16958,NORM-1,"E, G, I, L, M"
FAI-1998-M39,1998,1998-09-02,Miércoles,Metal/NonMetal,Atrapamiento por maquinaria,OR,Operador,67,mañana,06:50,Bulldozer/topadora,35-02761,PERI-1,"E, G, M"
FAI-1998-M40,1998,1998-09-18,Viernes,Metal/NonMetal,Acarreo motorizado,OH,Operador,55,mañana,10:45,Cargador frontal,33-04429,META-1,"E, G, I, L, M"
FAI-1998-M41,1998,1998-09-18,Viernes,Metal/NonMetal,Acarreo motorizado,AZ,Operador,55,mañana,07:00,Cargador frontal,02-02786,PERI-1,"B, E, G, I, L, M"
FAI-1998-M42,1998,1998-09-22,Martes,Metal/NonMetal,Acarreo motorizado,NV,Operador,43,noche,23:15,Correa transportadora,26-02142,PERI-1,"B, E, G, I, L, M"
FAI-1998-C22,1998,1998-09-28,Lunes,Coal,Caída de techo,KY,Operador de scoop,30,noche,23:00,Shuttle car,15-17741,PERI-1,"E, G, I, L, M"
FAI-1998-M43,1998,1998-09-28,Lunes,Metal/NonMetal,Acarreo motorizado,NV,Mecánico,36,tarde,20:15,CAEX,26-01089,NORM-1,"B, E, G, I, L, M"
FAI-1998-C23,1998,1998-10-05,Lunes,Coal,Electrocución / Contacto eléctrico,KY,Minero,31,tarde,18:00,Bulldozer/topadora,15-17742,CONF-1,"E, G, M"
FAI-1998-C24,1998,1998-10-10,Sábado,Coal,Caída de techo,KY,Operador,28,noche,00:25,Continuous miner,15-02263,PERI-1,"B, E, G, I, L, M"
FAI-1998-M44,1998,1998-10-12,Lunes,Metal/NonMetal,Caída de persona,KY,Operador,45,mañana,09:40,Correa transportadora,15-05484,NORM-1,"B, E, G, I, L, M"
FAI-1998-M45,1998,1998-11-04,Miércoles,Metal/NonMetal,Explosivos y detonadores,CO,Minero,36,tarde,21:15,N/D (exp. total=11a; exp. en puesto específico no disponible en informe),05-01197,PERI-1,"B, E, G, K, L, M"
FAI-1998-M46,1998,1998-11-05,Jueves,Metal/NonMetal,Acarreo motorizado,LA,Operador,51,mañana,10:15,Correa transportadora,16-00509,PERI-1,"B, E, G, I, L, M"
FAI-1998-M47,1998,1998-11-09,Lunes,Metal/NonMetal,Acarreo motorizado,AR,Minero,51,tarde,17:00,Cargador frontal,03-01657,PERI-1,"E, G, I, L, M"
FAI-1998-M48,1998,1998-11-13,Viernes,Metal/NonMetal,Caída de persona,WI,Capataz,50,mañana,11:20,Grúa,47-00219,NORM-1,"B, E, G, I, L, M"
FAI-1998-C25,1998,1998-11-22,Domingo,Coal,Atrapamiento por maquinaria,VA,Operador,42,noche,01:00,Correa transportadora,44-04856,PERI-1,"E, G, M"
FAI-1998-C26,1998,1998-12-03,Jueves,Coal,Acarreo motorizado,VA,Minero,38,tarde,14:00,Continuous miner,44-06836,META-1,"B, E, G, I, L, M"
FAI-1998-M49,1998,1998-12-07,Lunes,Metal/NonMetal,Explosivos y detonadores,IL,Obrero general,41,tarde,21:45,Chancador,11-00068,PERI-1,"B, E, G, K, L, M"
CAI-1998-BR-02,1998,1998-12-14,Lunes,Coal,Caída de techo,CO,Ingeniero de minas,38,noche,23:35,Continuous miner,05-02951,NORM-1,"B, E, G, I, L, M"
FAI-1998-C27,1998,1998-12-14,Lunes,Coal,Caída de techo,CO,Ingeniero de minas,38,noche,23:35,Continuous miner,05-04591,NORM-1,"B, E, G, I, L, M"
FAI-1998-C29,1998,1998-12-17,Jueves,Coal,Acarreo motorizado,KY,Reparador,32,noche,22:30,Roof bolter,15-17437,NORM-3,"E, G, M"
FAI-1998-M50,1998,1998-12-23,Miércoles,Metal/NonMetal,Acarreo motorizado,TN,Operador,21,mañana,09:15,Cargador frontal,40-00022,META-1,"B, E, G, I, L, M"
FAI-1999-C01,1999,1999-01-07,Jueves,Coal,Falla de highwall / Talud,KY,Contratista,35,día,05:00,Bulldozer/topadora,15-18080,PERI-1,"E, G, M"
FAI-1999-M01,1999,1999-01-10,Domingo,Metal/NonMetal,Acarreo motorizado,NV,Conductor de camión,28,mañana,12:20,CAEX,26-02246,PERI-1,"B, E, G, I, L, M"
FAI-1999-M02,1999,1999-01-13,Miércoles,Metal/NonMetal,Acarreo motorizado,UT,Conductor de camión,60,mañana,07:15,Cargador frontal,42-02201,NORM-1,"E, G, K, M"
FAI-1999-C02,1999,1999-01-20,Miércoles,Coal,Acarreo motorizado,WV,Mecánico de mantenimiento,72,día,05:15,Cargador frontal,46-08377,CONF-3,"E, G, M"
FAI-1999-M03,1999,1999-01-20,Miércoles,Metal/NonMetal,Caída de persona,TN,Conductor de camión,50,tarde,16:45,Grúa,40-00130,PERI-1,"E, G, I, L, M"
MAI-1999-90,1999,1999-01-26,Martes,Metal/NonMetal,Acarreo motorizado,TX,Trabajador minero,51,día,N/D,Equipo asociado a acarreo motorizado,41-04013,NORM-2,"E, G, I, L, M"
FAI-1999-M04,1999,1999-01-27,Miércoles,Metal/NonMetal,Explosivos y detonadores,PA,Supervisor,51,mañana,11:30,Correa transportadora,36-00125,NORM-1,"E, G, K, L, M"
FAI-1999-C03,1999,1999-01-29,Viernes,Coal,Caída de costilla,VA,Capataz,16,mañana,08:30,Continuous miner,44-04517,CONF-1,"B, E, G, I, L, M"
FAI-1999-M05,1999,1999-02-01,Lunes,Metal/NonMetal,Atrapamiento por maquinaria,IN,Supervisor,33,mañana,12:15,Grúa,12-01961,PERI-1,"E, G, M"
FAI-1999-M06,1999,1999-02-03,Miércoles,Metal/NonMetal,Atrapamiento por maquinaria,VA,Operador,39,tarde,14:00,Correa transportadora,44-06879,NORM-1,"E, G, K, L, M"
FAI-1999-C04,1999,1999-02-15,Lunes,Coal,Falla de highwall / Talud,KY,Minero / Trabajador de voladura,38,mañana,06:00,Cargador frontal,15-13103,META-1,"B, G, I, L"
FAI-1999-M07,1999,1999-02-15,Lunes,Metal/NonMetal,Acarreo motorizado,AZ,Mecánico,59,mañana,08:45,Bulldozer/topadora,02-00024,PERI-1,"B, E, G, I, L, M"
FAI-1999-M08,1999,1999-02-15,Lunes,Metal/NonMetal,Acarreo motorizado,NV,Minero,28,tarde,16:20,CAEX,26-02286,PERI-1,"B, E, G, I, L, M"
FAI-1999-M10,1999,1999-02-17,Miércoles,Metal/NonMetal,Acarreo motorizado,TX,Operador,35,mañana,13:30,Grúa horquilla,41-03492,PERI-1,"B, E, G, I, L, M"
FAI-1999-C05,1999,1999-02-24,Miércoles,Coal,Falla de highwall / Talud,IN,Supervisor,29,noche,04:45,Bulldozer/topadora,12-01616,NORM-1,"E, G, M"
FAI-1999-M09,1999,1999-02-27,Sábado,Metal/NonMetal,Caída de persona,TN,Capataz,45,mañana,09:00,Cargador frontal,40-00060,PERI-1,"E, G, I, L, M"
FAI-1999-C06,1999,1999-03-04,Jueves,Coal,Caída de techo,KY,Inspector,34,tarde,17:25,Shuttle car,15-17913,META-1,"E, G, I, L, M"
FAI-1999-C07,1999,1999-03-11,Jueves,Coal,Caída de techo,KY,Operador de scoop,35,tarde,21:15,Roof bolter,15-15776,PERI-1,"E, G, I, L, M"
FAI-1999-C08,1999,1999-03-12,Viernes,Coal,Acarreo motorizado,WV,Mecánico,38,noche,23:15,Shuttle car,46-08662,PERI-1,"B, E, G, I, L, M"
FAI-1999-M11,1999,1999-03-15,Lunes,Metal/NonMetal,Acarreo motorizado,AL,Conductor de camión,61,mañana,11:20,Cargador frontal,01-00050,NORM-1,"B, E, G, I, L, M"
FAI-1999-M12,1999,1999-03-18,Jueves,Metal/NonMetal,Acarreo motorizado,NY,Operador,56,mañana,09:00,Correa transportadora,30-03197,META-1,"E, G, M"
FAI-1999-C09,1999,1999-03-29,Lunes,Coal,Acarreo motorizado,VA,Conductor de camión,47,tarde,15:12,Bulldozer/topadora,44-06808,META-1,"B, E, G, I, L, M"
FAI-1999-M13,1999,1999-03-29,Lunes,Metal/NonMetal,Atrapamiento por maquinaria,AL,Operador,61,mañana,10:10,Cargador frontal,01-00043,PERI-1,"E, G, M"
FAI-1999-M14,1999,1999-04-01,Jueves,Metal/NonMetal,Caída de persona,NV,Minero,36,tarde,16:10,CAEX,26-02246,PERI-1,"B, E, G, I, L, M"
FAI-1999-M15,1999,1999-04-07,Miércoles,Metal/NonMetal,Atrapamiento por maquinaria,OH,Operador,60,mañana,07:05,Cargador frontal,33-00176,NORM-1,"E, G, M"
FAI-1999-M16,1999,1999-04-08,Jueves,Metal/NonMetal,Acarreo motorizado,UT,Supervisor,63,mañana,09:30,CAEX,42-00160,PERI-1,"E, G, I, L, M"
FAI-1999-C10,1999,1999-04-12,Lunes,Coal,Atrapamiento por maquinaria,WV,Capataz,22,mañana,06:00,Correa transportadora,46-06188,META-1,"E, G, M"
FAI-1999-C11,1999,1999-04-13,Martes,Coal,Caída de techo,VA,Operador,30,tarde,17:05,Continuous miner,44-06853,NORM-1,"B, E, G, I, L, M"
FAI-1999-C12,1999,1999-05-07,Viernes,Coal,Explosión / Incendio,AL,Capataz,47,noche,02:30,Correa transportadora,01-01247,ATAJ-1,"G, K, L"
FAI-1999-M19,1999,1999-05-07,Viernes,Metal/NonMetal,Atrapamiento por maquinaria,MS,Operador,49,tarde,16:30,Cargador frontal,22-00117,PERI-1,"E, G, M"
FAI-1999-M17,1999,1999-05-10,Lunes,Metal/NonMetal,Acarreo motorizado,NC,Obrero general,60,mañana,07:30,Cargador frontal,31-00037,PERI-1,"E, G, K, L, M, N"
FAI-1999-C13,1999,1999-05-17,Lunes,Coal,Falla de highwall / Talud,PA,Capataz,21,mañana,06:00,Bulldozer/topadora,36-06990,ATAJ-1,"E, G, L, M"
FAI-1999-M29,1999,1999-05-19,Miércoles,Metal/NonMetal,Inundación,NM,Minero,49,mañana,11:25,Rope/cable metálico,29-02185,PERI-1,"E, G, M"
FAI-1999-M18,1999,1999-05-26,Miércoles,Metal/NonMetal,Explosión / Incendio,MS,Conductor de camión,42,mañana,07:00,Chancador,22-00381,PERI-1,"E, G, K, L, M"
FAI-1999-C35,1999,1999-05-29,Sábado,Coal,Atrapamiento por maquinaria,VA,Capataz,N/D,tarde,15:30,Continuous miner,44-04856,PERI-1,"E, G, M"
FAI-1999-C14,1999,1999-06-07,Lunes,Coal,Acarreo motorizado,MD,Operador,54,noche,22:20,Continuous miner,18-00621,NORM-1,"B, E, G, I, L, M"
FAI-1999-C15,1999,1999-06-08,Martes,Coal,Acarreo motorizado,KY,"Piloto de helicóptero (Kindill Mining, Inc. — subsidiaria de AEI Holding Company)",35,mañana,09:30,Camión de servicio,15-18150,PERI-1,"E, G, M"
FAI-1999-M20,1999,1999-06-27,Domingo,Metal/NonMetal,Caída de persona,KS,Propietario de mina,64,mañana,08:00,Cargador frontal,14-00699,NORM-3,"E, G, K, L, M"
FAI-1999-C16,1999,1999-06-28,Lunes,Coal,Acarreo motorizado,WV,Contratista,35,tarde,16:00,Correa transportadora,46-03317,NORM-1,"B, E, G, I, L, M"
FAI-1999-M21,1999,1999-06-28,Lunes,Metal/NonMetal,Atrapamiento por maquinaria,OR,operating an excavator on a ramp along side a pond,44,mañana,06:35,Correa transportadora,35-00557,PERI-1,"E, G, M"
FAI-1999-M22,1999,1999-07-01,Jueves,Metal/NonMetal,Electrocución / Contacto eléctrico,NV,Contratista — Electricista,60,mañana,06:55,Correa transportadora,26-01977,PERI-1,"G, K, L"
FAI-1999-C17,1999,1999-07-07,Miércoles,Coal,Electrocución / Contacto eléctrico,KY,Electricista,30,mañana,07:00,Bulldozer/topadora,15-17733,META-1,"E, G, K, L, M"
MAI-1999-91,1999,1999-07-07,Miércoles,Metal/NonMetal,Caída de persona,CO,Trabajador minero,24,día,N/D,Equipo asociado a caída de persona,05-02700,NORM-2,"E, G, I, L, M"
FAI-1999-M24,1999,1999-07-09,Viernes,Metal/NonMetal,Acarreo motorizado,IN,Contratista — Conductor de camión,29,mañana,08:15,Bulldozer/topadora,12-00089,PERI-1,"E, G, I, L, M"
FAI-1999-C18,1999,1999-07-15,Jueves,Coal,Acarreo motorizado,UT,Inspector,54,noche,23:05,Continuous miner,42-01697,PERI-1,"B, E, G, I, L, M"
FAI-1999-M25,1999,1999-07-21,Miércoles,Metal/NonMetal,Acarreo motorizado,CO,Mecánico,47,mañana,10:30,Cargador frontal,05-03608,PERI-1,"E, G, K, M"
FAI-1999-C19,1999,1999-07-22,Jueves,Coal,Acarreo motorizado,WV,Operador,38,noche,22:50,Continuous miner,46-08633,CONF-1,"B, E, G, I, L, M"
FAI-1999-M54,1999,1999-07-22,Jueves,Metal/NonMetal,Caída de persona,MI,Operador,75,mañana,08:00,Cargador frontal,20-03090,PERI-1,"B, E, G, I, L, M"
FAI-1999-M26,1999,1999-07-25,Domingo,Metal/NonMetal,Acarreo motorizado,MI,Supervisor,61,noche,23:30,Cargador frontal,20-01012,PERI-1,"B, E, G, I, L, M"
FAI-1999-C20,1999,1999-07-26,Lunes,Coal,Atrapamiento por maquinaria,WV,Minero,62,mañana,11:10,Continuous miner,46-08652,PERI-1,"E, G, M"
FAI-1999-C21,1999,1999-07-26,Lunes,Coal,Atrapamiento por maquinaria,WY,Capataz,38,mañana,08:30,Correa transportadora,48-00677,PERI-1,"E, G, M"
FAI-1999-M27,1999,1999-07-27,Martes,Metal/NonMetal,Acarreo motorizado,AZ,Operador,36,tarde,15:15,Correa transportadora,02-02451,PERI-1,"E, G, M"
FAI-1999-M28,1999,1999-07-30,Viernes,Metal/NonMetal,Acarreo motorizado,KS,Conductor de camión,26,mañana,13:40,Cargador frontal,14-01463,PERI-1,"B, E, G, I, L, M"
FAI-1999-C22,1999,1999-07-31,Sábado,Coal,Caída de techo,IL,Conductor,34,noche,03:30,Correa transportadora,11-02846,PERI-1,"B, E, G, I, L, M"
FAI-1999-M30,1999,1999-08-06,Viernes,Metal/NonMetal,Acarreo motorizado,WI,Operador,49,tarde,15:00,Cargador frontal,47-00792,PERI-1,"B, E, G, I, L, M"
FAI-1999-M31,1999,1999-08-09,Lunes,Metal/NonMetal,Acarreo motorizado,AZ,Obrero general,25,tarde,18:30,Correa transportadora,02-02116,META-1,"E, G, M"
FAI-1999-C23,1999,1999-08-12,Jueves,Coal,Explosivos y detonadores,CO,Trabajador de tronadura,38,día,10:40 (OFICIAL-informe),Explosivos y accesorios de tronadura,05-02501,NORM-2,B
FAI-1999-M32,1999,1999-08-12,Jueves,Metal/NonMetal,Acarreo motorizado,MS,Operador,49,mañana,07:00,Cargador frontal,22-00712,NORM-1,"B, E, G, I, L, M"
FAI-1999-C24,1999,1999-09-03,Viernes,Coal,Electrocución / Contacto eléctrico,KY,Ingeniero,26,mañana,07:00,Huinche/Winche,15-14324,CONF-1,"E, G, M"
FAI-1999-M33,1999,1999-09-07,Martes,Metal/NonMetal,Electrocución / Contacto eléctrico,NC,Contratista,26,tarde,15:10,Anderson Strathclyde,31-01105,PERI-1,"G, K, L"
FAI-1999-C25,1999,1999-09-16,Jueves,Coal,Caída de techo,KY,Operador de pernadora de techo,21,mañana,13:00,Continuous miner,15-17738,CONF-1,"B, E, G, I, L, M"
FAI-1999-M34,1999,1999-09-16,Jueves,Metal/NonMetal,Acarreo motorizado,WY,Contratista,37,mañana,10:30,Perforadora,48-00837,META-1,"B, E, G, I, L, M"
FAI-1999-C30,1999,1999-09-18,Sábado,Coal,Caída de techo,WV,Capataz,21,noche,23:40,Roof bolter,46-08544,NORM-1,"B, E, G, I, L, M"
FAI-1999-C26,1999,1999-09-19,Domingo,Coal,Manejo de materiales,VA,Mecánico,22,mañana,06:00,Grúa,44-00246,CONF-1,"E, G, M"
FAI-1999-M35,1999,1999-09-20,Lunes,Metal/NonMetal,Caída de persona,NV,Operador,23,tarde,14:15,CAEX,26-01089,NORM-3,"B, E, G, I, L, M"
CAI-1999-QM-02,1999,1999-09-24,Viernes,Coal,Caída de material,OH,Capataz,53,mañana,08:00,Correa transportadora,33-01157,NORM-1,"B, E, G, I, L, M"
FAI-1999-C27,1999,1999-09-24,Viernes,Coal,Explosión / Incendio,OH,Capataz,29,mañana,08:00,Correa transportadora,33-01157,NORM-1,"E, G, K, L, M"
FAI-1999-M36,1999,1999-09-29,Miércoles,Metal/NonMetal,Acarreo motorizado,IA,Operador,29,mañana,06:30,Cargador frontal,13-02217,PERI-1,"B, E, G, I, K, L, M"
FAI-1999-M55,1999,1999-09-29,Miércoles,Metal/NonMetal,Acarreo motorizado,TX,Conductor de camión,41,mañana,07:00,CAEX,41-01164,PERI-1,"B, E, G, I, L, M"
FAI-1999-C29,1999,1999-10-09,Sábado,Coal,Caída de costilla,AL,Ayudante,31,tarde,15:30,Correa transportadora,01-02901,PERI-1,"B, G, I, K, L, N"
FAI-1999-M38,1999,1999-10-12,Martes,Metal/NonMetal,Atrapamiento por maquinaria,NV,Minero líder,58,día,07:30 (OFICIAL-informe),Soporte de terreno en instalación,26-02240,NORM-2,"B, E, G, I, L, M"
FAI-1999-M40,1999,1999-10-14,Jueves,Metal/NonMetal,Acarreo motorizado,IN,Conductor de camión,58,mañana,07:30,CAEX,12-00017,PERI-1,"E, G, I, L, M"
FAI-1999-M41,1999,1999-10-18,Lunes,Metal/NonMetal,Electrocución / Contacto eléctrico,MO,Supervisor,48,mañana,09:30,CAEX,23-00457,NORM-1,"E, G, M"
FAI-1999-M37,1999,1999-10-20,Miércoles,Metal/NonMetal,Acarreo motorizado,OR,Contratista — Obrero general,26,mañana,09:40,CAEX,35-02970,PERI-1,"E, G, I, L, M"
FAI-1999-M42,1999,1999-10-20,Miércoles,Metal/NonMetal,Electrocución / Contacto eléctrico,FL,Electricista,29,noche,22:00,N/D (exp. total=46a; exp. en puesto específico no disponible en informe),08-01183,PERI-1,"E, G, K, L, M"
FAI-1999-M43,1999,1999-10-20,Miércoles,Metal/NonMetal,Falla de highwall / Talud,AL,Electricista,26,tarde,15:00,Cargador frontal,01-00003,PERI-1,
FAI-1999-M44,1999,1999-10-23,Sábado,Metal/NonMetal,Explosivos y detonadores,NV,Contratista,35,noche,00:10,CAEX,26-02314,PERI-1,"B, E, G, K, L, M"
FAI-1999-M45,1999,1999-10-26,Martes,Metal/NonMetal,Caída de costilla,KS,angular in shape,46,mañana,09:30,N/D (exp. total=13a; exp. en puesto específico no disponible en informe),14-00159,PERI-1,"E, G, M"
FAI-1999-M46,1999,1999-10-30,Sábado,Metal/NonMetal,Atrapamiento por maquinaria,NY,Mecánico,50,mañana,07:45,Cargador frontal,30-02863,PERI-1,"E, G, M"
FAI-1999-M48,1999,1999-11-09,Martes,Metal/NonMetal,Explosivos y detonadores,NV,Minero,67,mañana,07:00,~4 años en sector (exp. en puesto específico no documentada; inferida de exp. total),26-02401,PERI-1,"B, G, I, L"
FAI-1999-M47,1999,1999-11-11,Jueves,Metal/NonMetal,Acarreo motorizado,CT,Conductor de camión,49,día,05:50,CAEX,06-00012,PERI-1,"B, E, G, I, L, M"
FAI-1999-M49,1999,1999-11-18,Jueves,Metal/NonMetal,Acarreo motorizado,IL,Operador,38,mañana,13:30,Cargador frontal,11-00400,PERI-1,"B, E, G, I, L, M"
FAI-1999-M50,1999,1999-11-29,Lunes,Metal/NonMetal,Electrocución / Contacto eléctrico,OH,Operador,44,tarde,16:45,N/D (exp. total=20a; exp. en puesto específico no disponible en informe),33-02402,PERI-1,"E, G, K, L, M"
FAI-1999-M51,1999,1999-12-08,Miércoles,Metal/NonMetal,Acarreo motorizado,FL,"Operador de bulldozer/dozer (M.L. Brumfield, 57 años)",57,noche,02:30,Cargador frontal,08-01276,PERI-1,"B, E, G, L, M"
FAI-1999-C31,1999,1999-12-09,Jueves,Coal,Atrapamiento por maquinaria,WV,Operador,38,mañana,09:25,Shuttle car,46-01286,NORM-1,"E, G, M"
FAI-1999-C32,1999,1999-12-17,Viernes,Coal,Caída de techo,WV,Capataz,53,mañana,13:15,Continuous miner,46-08285,CONF-1,"B, E, G, I, L, M"
FAI-1999-M52,1999,1999-12-21,Martes,Metal/NonMetal,Atrapamiento por maquinaria,KY,Obrero general,22,mañana,08:30,Correa transportadora,15-18068,META-1,"E, G, K, L, M"
FAI-1999-M53,1999,1999-12-21,Martes,Metal/NonMetal,Explosivos y detonadores,PA,Operador,32,mañana,10:30,Cargador frontal,36-00012,PERI-1,"E, G, K, L, M"
FAI-1999-C33,1999,1999-12-22,Miércoles,Coal,Caída de techo,PA,Operador,45,tarde,17:10,Continuous miner,36-05708,META-1,"B, E, G, I, L, M"
FAI-1999-C34,1999,1999-12-30,Jueves,Coal,Acarreo motorizado,KY,Ayudante,22,tarde,17:58,N/D (exp. total=28a; exp. en puesto específico no disponible en informe),15-16470,NORM-1,"E, G, I, L, M"
MAI-2000-51,2000,2000-01-10,Lunes,Metal/NonMetal,Acarreo motorizado,TX,Trabajador minero,46,día,13:30 (OFICIAL Part50),Equipo asociado a acarreo motorizado,41-04125,NORM-2,"E, G, I, L, M"
FAI-2000-C01,2000,2000-01-21,Viernes,Coal,Atrapamiento por maquinaria,KY,Capataz,25,mañana,10:45,Continuous miner,15-18022,PERI-1,"E, G, K, L, M"
MAI-2000-52,2000,2000-01-21,Viernes,Metal/NonMetal,Atrapamiento por maquinaria,AR,Trabajador minero,56,día,16:00 (OFICIAL Part50),Equipo asociado a atrapamiento por maquinaria,03-00257,NORM-2,"E, G, K, L, M"
FAI-2000-C02,2000,2000-01-26,Miércoles,Coal,Caída de persona,IL,Operador de perforadora de techo,N/D,mañana,11:05,Continuous miner,11-02662,NORM-1,"B, E, G, I, L, M"
MAI-2000-53,2000,2000-01-26,Miércoles,Metal/NonMetal,Acarreo motorizado,VA,Trabajador minero,22,día,10:45 (OFICIAL Part50),Equipo asociado a acarreo motorizado,44-00026,NORM-2,"E, G, I, L, M"
FAI-2000-M04,2000,2000-01-27,Jueves,Metal/NonMetal,Atrapamiento por maquinaria,TN,Ayudante,49,tarde,18:00,Cargador frontal,40-00057,PERI-1,"E, G, M"
FAI-2000-M05,2000,2000-01-31,Lunes,Metal/NonMetal,Caída de persona,AZ,Operador,59,tarde,20:00,CAEX,02-02626,PERI-1,"B, E, G, I, L, M"
FAI-2000-M06,2000,2000-02-02,Miércoles,Metal/NonMetal,Acarreo motorizado,NV,Minero,45,noche,03:00,Cargador frontal,26-02246,PERI-1,"B, E, G, I, L, M"
MAI-2000-54,2000,2000-02-08,Martes,Metal/NonMetal,Acarreo motorizado,CO,Trabajador minero,51,día,09:45 (OFICIAL Part50),Equipo asociado a acarreo motorizado,05-04476,NORM-2,"E, G, I, L, M"
FAI-2000-C03,2000,2000-02-14,Lunes,Coal,Acarreo motorizado,KY,Operador,64,tarde,18:30,Correa transportadora,15-18077,PERI-1,"G, I, L, M"
FAI-2000-C04,2000,2000-02-18,Viernes,Coal,Electrocución / Contacto eléctrico,WV,Contratista electricista,N/D,tarde,17:00,Continuous miner,46-05437,CONF-1,"B, E, G, I, K, L, M"
FAI-2000-C05,2000,2000-03-02,Jueves,Coal,Electrocución / Contacto eléctrico,WV,Ayudante,31,mañana,08:00,Correa transportadora,46-05398,PERI-1,"E, G, K, L"
CAI-2000-30,2000,2000-03-07,Martes,Coal,Atrapamiento por maquinaria,KY,Operador,31,día,10:30 (OFICIAL Part50),Bulldozer (despeje de ladera),15-18193,COMP-2,"E, G, K, L, M"
MAI-2000-55,2000,2000-03-13,Lunes,Metal/NonMetal,Acarreo motorizado,MT,Trabajador minero,56,día,18:24 (OFICIAL Part50),Equipo asociado a acarreo motorizado,24-01490,NORM-2,"E, G, I, L, M"
CAI-2000-31,2000,2000-03-21,Martes,Coal,Acarreo motorizado,IL,Mecánico,43,día,13:25,Montacargas (forklift truck),11-02879,NORM-2,
CAI-2000-32,2000,2000-03-23,Jueves,Coal,Caída de persona / Ahogamiento,UT,Bombero/electricista (Pumper/Electrician) — Larry L. Christensen,33,día,06:00,Sump de agua subterráneo + sistema de bombeo,42-00089,NORM-2,"E, G, M"
MAI-2000-56,2000,2000-04-04,Martes,Metal/NonMetal,Caída de persona,NV,Trabajador minero,58,día,02:00 (OFICIAL Part50),Equipo asociado a caída de persona,26-01977,NORM-2,"E, G, I, L, M"
FAI-2000-C09,2000,2000-04-10,Lunes,Coal,Acarreo motorizado,UT,Ayudante,35,tarde,15:10,Continuous miner,42-01566,PERI-1,"E, G, I, L, M"
FAI-2000-M11,2000,2000-04-10,Lunes,Metal/NonMetal,Atrapamiento por maquinaria,NV,Ayudante,40,día,05:50,Perforadora,26-01801,PERI-1,"E, G, M"
MAI-2000-57,2000,2000-04-12,Miércoles,Metal/NonMetal,Acarreo motorizado,PA,Trabajador minero,57,día,16:45 (OFICIAL Part50),Equipo asociado a acarreo motorizado,36-00199,NORM-2,"E, G, I, L, M"
FAI-2000-M13,2000,2000-04-21,Viernes,Metal/NonMetal,Caída de costilla,UT,Operadora de planta,18,mañana,08:30,Correa transportadora,42-02283,NORM-3,"E, G, K, L, M"
FAI-2000-M14,2000,2000-04-25,Martes,Metal/NonMetal,Acarreo motorizado,OK,Supervisor,54,mañana,13:30,Cargador frontal,34-00410,PERI-1,"B, E, G, I, L, M"
FAI-2000-M15,2000,2000-04-28,Viernes,Metal/NonMetal,Acarreo motorizado,LA,Obrero general,42,mañana,09:20,Camión de servicio,16-01267,PERI-1,"B, E, G, I, L, M"
FAI-2000-C10,2000,2000-04-30,Domingo,Coal,Atrapamiento por maquinaria,KY,Electricista certificado,N/D,tarde,21:00,Continuous miner,15-18008,CONF-1,"G, K, L"
FAI-2000-M16,2000,2000-05-01,Lunes,Metal/NonMetal,Acarreo motorizado,GA,Conductor de camión,42,mañana,06:30,CAEX,09-00023,PERI-1,"E, G, I, L, M"
CAI-2000-33,2000,2000-05-08,Lunes,Coal,Acarreo motorizado,KY,Operador,47,noche,22:00,Camión de roca Caterpillar 777B,15-18045,NORM-2,"E, G, I, L, M"
FAI-2000-M17,2000,2000-05-09,Martes,Metal/NonMetal,Atrapamiento por maquinaria,NV,Operador,51,mañana,11:00,Bulldozer/topadora,26-02417,PERI-1,"E, G, M"
FAI-2000-C12,2000,2000-05-12,Viernes,Coal,Atrapamiento por maquinaria,VA,Operador,29,tarde,16:30,Continuous miner,44-06812,PERI-1,B
CAI-2000-34,2000,2000-05-18,Jueves,Coal,Explosión,KY,Operador,49,noche,21:00,Cargador frontal Caterpillar 992D + camiones Caterpillar 777,15-18193,NORM-1,"E, G, M"
FAI-2000-M18,2000,2000-05-20,Sábado,Metal/NonMetal,Caída de persona,NE,Operador,48,mañana,13:00,Cargador frontal,25-00773,PERI-1,"E, G, I, L, M"
CAI-2000-35,2000,2000-05-24,Miércoles,Coal,Caída de techo,KY,Operador,26,día,05:45,Cargador frontal Caterpillar 988B + highwall colapsado,15-11005,COMP-2,"B, E, G, I, L, M"
CAI-2000-36,2000,2000-06-02,Viernes,Coal,Acarreo motorizado,VA,Trabajador de muelle/planta (Mill/Prep Plant),44,día,11:05 (OFICIAL Part50),Equipo de acarreo en muelle/planta,44-03328,NORM-2,"E, G, I, L, M"
FAI-2000-M19,2000,2000-06-06,Martes,Metal/NonMetal,Caída de persona,MO,Contratista,42,mañana,08:45,Correa transportadora,23-02171,PERI-1,"E, G, I, L, M"
FAI-2000-M20,2000,2000-06-11,Domingo,Metal/NonMetal,Atrapamiento por maquinaria,NC,Operador,32,tarde,17:00,Pala hidráulica,31-00037,PERI-1,"E, G, M"
FAI-2000-M21,2000,2000-06-12,Lunes,Metal/NonMetal,Atrapamiento por maquinaria,IN,Operador,48,mañana,11:30,Cargador frontal,12-01039,PERI-1,"E, G, M"
FAI-2000-M22,2000,2000-06-14,Miércoles,Metal/NonMetal,Acarreo motorizado,LA,Operador,44,mañana,10:00,Bulldozer/topadora,16-01302,PERI-1,"E, G, I, L, M"
FAI-2000-M23,2000,2000-06-19,Lunes,Metal/NonMetal,Acarreo motorizado,TX,Conductor de camión,29,mañana,13:10,CAEX,41-03253,PERI-1,"E, G, I, L, M"
FAI-2000-C16,2000,2000-06-21,Miércoles,Coal,Electrocución / Contacto eléctrico,WV,Operador de continuous miner,28,mañana,07:55,Continuous miner,46-08743,CONF-1,"B, E, G, I, L, M"
FAI-2000-M24,2000,2000-06-23,Viernes,Metal/NonMetal,Atrapamiento por maquinaria,VA,Capataz,57,mañana,10:55,CAEX,44-00189,NORM-1,"E, G, M"
FAI-2000-M25,2000,2000-06-23,Viernes,Metal/NonMetal,Caída de persona,TX,employed by Schueck,39,mañana,06:30,Cargador frontal,41-00071,PERI-1,"E, G, I, L, M"
FAI-2000-M28,2000,2000-06-24,Sábado,Metal/NonMetal,Atrapamiento por maquinaria,NC,Operador,58,mañana,12:30,Cargador frontal,31-01840,PERI-1,
FAI-2000-M26,2000,2000-06-26,Lunes,Metal/NonMetal,Caída de persona / Ahogamiento,OK,Operador,59,mañana,09:00,"Boats, Barges, Other water transportation",34-01847,PERI-1,"B, E, G, I, L, M"
FAI-2000-M27,2000,2000-06-30,Viernes,Metal/NonMetal,Atrapamiento por maquinaria,MI,Capataz,33,mañana,08:00,Correa transportadora,20-03000,PERI-1,"E, G, K, L, M"
FAI-2000-M29,2000,2000-06-30,Viernes,Metal/NonMetal,Acarreo motorizado,OR,Operador,56,mañana,10:45,Cargador frontal,35-03425,PERI-1,"E, G, I, L, M"
FAI-2000-M38,2000,2000-07-21,Viernes,Metal/NonMetal,Acarreo motorizado,AZ,Operador de cargadora frontal,23,mañana,13:55,Cargador frontal,02-02867,PERI-1,"E, G, M"
CAI-2000-37,2000,2000-07-29,Sábado,Coal,Acarreo motorizado,WY,Trabajador de mina de superficie,56,día,21:00 (OFICIAL Part50),Equipo de acarreo de superficie,48-01180,DISP-1,"E, G, I, L, M"
CAI-2000-WC-01,2000,2000-07-31,Lunes,Coal,Explosión,UT,Minero,33,noche,23:48,Sección de longwall D-3 (gob detrás de shields),42-02113,COMP-3,"B, E, G, I, L, M"
CAI-2000-WC-02,2000,2000-07-31,Lunes,Coal,Explosión,UT,Minero,44,noche,23:48,Sección de longwall D-3 (gob detrás de shields),42-02113,COMP-3,"B, E, G, I, L, M"
FAI-2000-M34,2000,2000-08-03,Jueves,Metal/NonMetal,Acarreo motorizado,NV,Operador/minero,33,mañana,07:00,CAEX,26-02314,PERI-1,"B, E, G, L, M"
FAI-2000-M31,2000,2000-08-06,Domingo,Metal/NonMetal,Falla de highwall / Talud,AR,No empleado,N/D,mañana,09:30,Pala hidráulica,03-01827,CONF-2,"E, G, M"
FAI-2000-M32,2000,2000-08-09,Miércoles,Metal/NonMetal,Acarreo motorizado,ID,Mecánico,42,mañana,12:00,Cargador frontal,10-00648,META-1,"E, G, I, L, M"
FAI-2000-M33,2000,2000-08-10,Jueves,Metal/NonMetal,Atrapamiento por maquinaria,IL,Mecánico,49,mañana,13:30,Cargador frontal,11-00122,PERI-1,"E, G, M"
FAI-2000-C20,2000,2000-08-14,Lunes,Coal,Acarreo motorizado,WV,Mecánico,30,noche,05:45,Continuous miner,46-08589,PERI-1,"B, E, G, I, L, M"
FAI-2000-C21,2000,2000-08-15,Martes,Coal,Atrapamiento por maquinaria,KY,Operador,40,mañana,13:15,Continuous miner,15-17811,PERI-1,"E, G, M"
FAI-2000-C22,2000,2000-08-16,Miércoles,Coal,Atrapamiento por maquinaria,WV,Soldador,23,mañana,07:00,Continuous miner,46-01968,PERI-1,"G, K, L"
FAI-2000-M35,2000,2000-08-24,Jueves,Metal/NonMetal,Atrapamiento por maquinaria,NV,Minero de pique,41,mañana,06:00,Rope/cable metálico,26-02300,PERI-1,"E, G, M"
CAI-2000-EX-01,2000,2000-08-28,Lunes,Coal,Izaje (hoisting),KY,Contratista,44,día,12:30,Sistema de izaje de personal (slack rope protection anulada),15-09571,COMP-2,"E, G, M"
CAI-2000-EX-02,2000,2000-08-28,Lunes,Coal,Izaje (hoisting),KY,Contratista,35,día,12:30,Sistema de izaje de personal (slack rope protection anulada),15-09571,COMP-2,"E, G, M"
FAI-2000-M36,2000,2000-08-30,Miércoles,Metal/NonMetal,Atrapamiento por maquinaria,WI,Operador,47,mañana,06:00,Cargador frontal,47-03110,PERI-1,"E, G, K, L, M"
FAI-2000-M37,2000,2000-08-30,Miércoles,Metal/NonMetal,Electrocución / Contacto eléctrico,MN,Operador,36,tarde,18:00,Correa transportadora,21-00645,PERI-1,"E, G, K, L"
CAI-2000-92,2000,2000-09-06,Miércoles,Coal,Caída de techo,Kentucky,,N/D,,,,,N/D,
FAI-2000-C28,2000,2000-09-06,Miércoles,Coal,Caída de persona,KY,Conductor de camión,56,mañana,08:30,Cargador frontal,15-17792,PERI-1,"B, E, G, I, L, M"
FAI-2000-M39,2000,2000-09-13,Miércoles,Metal/NonMetal,Acarreo motorizado,PR,Operador,28,tarde,18:00,Cargador frontal,54-00159,META-1,"E, G, I, L, M"
FAI-2000-C26,2000,2000-09-17,Domingo,Coal,Acarreo motorizado,IN,Propietario/operador de salvaguarda,N/D,tarde,15:20,CAEX,12-00322,COMP-2,"E, G, M"
CAI-2000-40,2000,2000-09-19,Martes,Coal,Atrapamiento por maquinaria,WY,"Maintenance man, Mechanic,  Repair/Serviceman, Boi",N/D,N/D,20:10,Caterpillar D11R,48-00677,N/D,"E, G, I, L, M"
FAI-2000-C27,2000,2000-09-21,Jueves,Coal,Atrapamiento por maquinaria,WV,Mecánico,51,tarde,15:00,Continuous miner,46-01453,NORM-1,"E, G, I, L, M"
FAI-2000-M40,2000,2000-10-03,Martes,Metal/NonMetal,Caída de persona,PA,Supervisor,43,noche,03:45,Cargador frontal,36-00129,PERI-1,"E, G, I, L, M"
FAI-2000-C30,2000,2000-10-04,Miércoles,Coal,Atrapamiento por maquinaria,KY,Operador,25,tarde,18:05,Bulldozer/topadora,15-07295,NORM-1,"E, G, M"
FAI-2000-M43,2000,2000-10-13,Viernes,Metal/NonMetal,Explosión / Incendio,MN,Operador,59,noche,22:50,Cargador frontal,21-01600,PERI-1,"E, G, K, L, M"
FAI-2000-C31,2000,2000-10-24,Martes,Coal,Acarreo motorizado,WV,Operador,37,tarde,16:45,Continuous miner,46-08726,PERI-1,"B, E, G, L, M"
FAI-2000-M41,2000,2000-10-26,Jueves,Metal/NonMetal,Atrapamiento por maquinaria,CA,Supervisor,59,tarde,20:15,Cargador frontal,04-00213,PERI-1,"E, G, M"
FAI-2000-C32,2000,2000-10-29,Domingo,Coal,Atrapamiento por maquinaria,PA,Capataz,50,noche,00:35,Continuous miner,36-07230,PERI-1,"E, G, M"
FAI-2000-C33,2000,2000-10-30,Lunes,Coal,Caída de techo,WV,Operador,43,mañana,08:30,Continuous miner,46-07273,NORM-1,"B, E, G, I, L, M"
FAI-2000-M42,2000,2000-10-31,Martes,Metal/NonMetal,Acarreo motorizado,OH,Conductor de camión,60,mañana,09:38,Cargador frontal,33-00156,PERI-1,"B, E, G, I, L, M"
FAI-2000-M44,2000,2000-11-06,Lunes,Metal/NonMetal,Acarreo motorizado,CA,Operador,36,mañana,12:00,Huinche/Winche,04-01299,PERI-1,"B, E, G, I, L, M"
FAI-2000-M49,2000,2000-11-06,Lunes,Metal/NonMetal,Acarreo motorizado,SC,Conductor de camión,56,tarde,16:10,Cargador frontal,38-00230,PERI-1,"B, E, G, I, L, M"
FAI-2000-M45,2000,2000-11-08,Miércoles,Metal/NonMetal,Acarreo motorizado,OH,Conductor de camión,27,mañana,09:00,CAEX,33-04315,NORM-3,"E, G, I, L, M"
FAI-2000-M46,2000,2000-11-17,Viernes,Metal/NonMetal,Caída de persona,TX,Mecánico,38,tarde,14:05,Grúa,41-01371,PERI-1,
FAI-2000-M47,2000,2000-11-20,Lunes,Metal/NonMetal,Caída de persona,IN,Operador,43,mañana,12:30,Correa transportadora,12-00698,PERI-1,"B, E, G, I, L, M"
FAI-2000-C34,2000,2000-12-04,Lunes,Coal,Atrapamiento por maquinaria,CO,Operador,37,mañana,09:30,Continuous miner,05-04452,CONF-1,"E, G, K, L, M"
FAI-2000-C35,2000,2000-12-05,Martes,Coal,Electrocución / Contacto eléctrico,VA,Capataz,45,mañana,10:00,Huinche/Winche,44-04856,PERI-1,"E, G, K, L"
FAI-2000-C36,2000,2000-12-09,Sábado,Coal,Caída de persona,VA,Conductor de camión,32,mañana,10:40,Ore haulage trucks - off highway trucks,44-06544,PERI-1,"B, E, G, I, L, M"
CAI-2000-41,2000,2000-12-19,Martes,Coal,Acarreo motorizado,PA,Truck driver,N/D,N/D,13:30,Kenworth ?,36-03329,N/D,"E, G, K, L, M"
FAI-2000-M48,2000,2000-12-19,Martes,Metal/NonMetal,Caída de persona,WA,Capataz,53,mañana,06:30,Cargador frontal,45-03334,PERI-1,"B, E, G, I, L, M"
FAI-2000-C38,2000,2000-12-27,Miércoles,Coal,Explosión de recipiente a presión,WV,Mecánico,46,mañana,12:00,Correa transportadora,46-05890,PERI-1,"E, G, K, L, M"
MAI-2001-90,2001,2001-01-09,Martes,Metal/NonMetal,Acarreo motorizado,NV,Trabajador minero,59,día,11:20 (OFICIAL Part50),Equipo asociado a acarreo motorizado,26-02271,NORM-2,"E, G, I, L, M"
FAI-2001-C01,2001,2001-02-02,Viernes,Coal,Acarreo motorizado,WV,Capataz,48,mañana,09:00,Correa transportadora,46-08315,PERI-1,"B, E, G, I, L, M"
FAI-2001-M02,2001,2001-02-09,Viernes,Metal/NonMetal,Acarreo motorizado,WA,Mecánico,21,mañana,09:30,Correa transportadora,45-03161,META-1,"G, K, L"
FAI-2001-M03,2001,2001-02-16,Viernes,Metal/NonMetal,Acarreo motorizado,NV,Mecánico,38,tarde,18:00,Cargador frontal,26-00500,PERI-1,"E, G, M"
FAI-2001-M04,2001,2001-02-16,Viernes,Metal/NonMetal,Caída de persona,NV,Operador,43,tarde,14:45,Correa transportadora,26-00789,COMP-2,"B, E, G, I, L, M"
FAI-2001-M06,2001,2001-02-26,Lunes,Metal/NonMetal,Caída de persona,CO,Ayudante,50,mañana,06:30,Rope/cable metálico,05-00037,PERI-1,"E, G, I, L, M"
FAI-2001-C02,2001,2001-03-13,Martes,Coal,Electrocución / Contacto eléctrico,WV,Ingeniero eléctrico,N/D,mañana,09:30,Continuous miner,46-08726,PERI-1,"E, G, K, L"
CAI-2001-90,2001,2001-03-14,Miércoles,Coal,Caída de techo,VA,Minero,58,tarde,18:45,Continuous miner,44-05032,PERI-1,"B, E, G, I, L, M"
FAI-2001-C04,2001,2001-03-14,Miércoles,Coal,Caída de persona,WV,Minero,64,tarde,18:45,Continuous miner,46-05868,PERI-1,"B, E, G, I, L, M"
FAI-2001-M05,2001,2001-03-20,Martes,Metal/NonMetal,Inundación,WI,Capataz,38,mañana,09:00,Cargador frontal,47-02790,PERI-1,"E, G, K, L, M"
FAI-2001-M07,2001,2001-03-20,Martes,Metal/NonMetal,Caída de techo,MT,Minero de desarrollo,42,tarde,14:45,Huinche/Winche,24-01490,COMP-2,"B, E, G, I, L, M"
FAI-2001-C05,2001,2001-03-29,Jueves,Coal,Caída de techo,WV,Capataz,48,mañana,11:50,Continuous miner,46-08436,CONF-1,"B, E, G, I, L, M"
FAI-2001-M09,2001,2001-04-02,Lunes,Metal/NonMetal,Atrapamiento por maquinaria,HI,Operador,48,mañana,10:30,Cargador frontal,51-00235,NORM-1,"E, G, M"
FAI-2001-M08,2001,2001-04-05,Jueves,Metal/NonMetal,Acarreo motorizado,UT,Minero principal,54,noche,23:00,Huinche/Winche,42-00147,PERI-1,"B, E, G, I, L, M"
FAI-2001-C06,2001,2001-04-12,Jueves,Coal,Atrapamiento por maquinaria,WV,Operador,50,tarde,16:10,Roof bolter,46-08827,NORM-1,"B, E, G, M"
FAI-2001-M10,2001,2001-04-16,Lunes,Metal/NonMetal,Caída de persona,AL,Contratista — Conductor de camión,59,mañana,13:44,Chancador,01-03076,PERI-1,"E, G, I, L, M"
CAI-2001-51,2001,2001-04-19,Jueves,Coal,Acarreo motorizado,OH,Capataz,45,tarde,20:45,Unidad take-up de correa transportadora,33-01159,NORM-2,"B, E, G, I, L, M"
FAI-2001-M11,2001,2001-04-25,Miércoles,Metal/NonMetal,Acarreo motorizado,GA,Soldador,34,mañana,09:00,Correa transportadora,09-01135,META-1,"E, G, M"
FAI-2001-M12,2001,2001-04-25,Miércoles,Metal/NonMetal,Acarreo motorizado,CO,Operador,39,mañana,08:00,Cargador frontal,05-04110,META-1,"E, G, I, L, M"
FAI-2001-M13,2001,2001-05-05,Sábado,Metal/NonMetal,Acarreo motorizado,PA,Contratista — Mecánico,58,mañana,08:40,Grúa horquilla,36-08983,META-1,"E, G, M"
FAI-2001-C08,2001,2001-05-22,Martes,Coal,Caída de techo,IL,Reparador,54,noche,23:00,Continuous miner,11-02846,PERI-1,"B, E, G, I, L, M"
FAI-2001-C09,2001,2001-05-29,Martes,Coal,Caída de techo,WV,Operador,34,mañana,08:15,Continuous miner,46-05592,PERI-1,"B, E, G, I, L, M"
FAI-2001-M14,2001,2001-06-04,Lunes,Metal/NonMetal,Acarreo motorizado,MT,Capataz,27,noche,23:20,"Load-haul-dump, Scoop tram, Transloader, Unitrac, S&S Battery",24-01490,PERI-1,"E, G, I, L, M"
FAI-2001-M1516,2001,2001-06-05,Martes,Metal/NonMetal,Caída de techo,ID,Minero,21,mañana,12:41,"Rock drill, Jackleg, Airleg, Drifter, Stoper, Buzzy, Jackhammer",10-00082,NORM-1,"B, E, G, I, L, M"
MAI-2001-91,2001,2001-06-05,Martes,Metal/NonMetal,Caída de techo,ID,Trabajador minero,56,día,12:42 (OFICIAL Part50),Equipo asociado a caída de techo,10-00082,NORM-2,"B, E, G, I, L, M"
MAI-2001-92,2001,2001-06-13,Miércoles,Metal/NonMetal,Caída de techo,NV,Trabajador minero,33,día,15:30 (OFICIAL Part50),Equipo asociado a caída de techo,26-02286,NORM-2,"B, E, G, I, L, M"
FAI-2001-M18,2001,2001-06-14,Jueves,Metal/NonMetal,Acarreo motorizado,MT,Operador,56,mañana,06:30,LHD/Scoop,24-01490,PERI-1,"E, G, I, L, M"
CAI-2001-52,2001,2001-06-27,Miércoles,Coal,Caída de techo,PA,Minero,37,día,20:10 (OFICIAL Part50),Techo de la mina,36-05123,NORM-2,"B, E, G, I, L, M"
FAI-2001-M19,2001,2001-07-04,Miércoles,Metal/NonMetal,Acarreo motorizado,NC,Conductor de haul truck contratista,44,tarde,14:45,CAEX,31-00375,PERI-1,"B, E, G, I, L, M"
FAI-2001-C11,2001,2001-07-20,Viernes,Coal,Electrocución / Contacto eléctrico,KY,2001,26,noche,02:00,Correa transportadora,15-09636,PERI-1,"G, K, L"
FAI-2001-C12,2001,2001-07-23,Lunes,Coal,Caída de techo,WV,Operador de minador continuo,47,mañana,09:45,Continuous miner,46-08593,PERI-1,"B, E, G, I, L, M"
FAI-2001-C13,2001,2001-07-27,Viernes,Coal,Acarreo motorizado,VA,Conductor de camión,64,mañana,06:30,Huinche/Winche,44-07016,PERI-1,"E, G, M"
FAI-2001-M20,2001,2001-08-07,Martes,Metal/NonMetal,Acarreo motorizado,OK,Empleado de utilería,63,mañana,06:00,Cargador frontal,34-00056,PERI-1,"E, G, M"
FAI-2001-C14,2001,2001-08-21,Martes,Coal,Caída de persona,TX,Mecánico,49,mañana,07:30,Cargador frontal,41-03658,NORM-1,"E, G, M"
FAI-2001-C15,2001,2001-08-27,Lunes,Coal,Caída de material,WV,Operador,47,tarde,16:50,Continuous miner,46-08603,CONF-1,"E, G, I, L, M"
CAI-2001-53,2001,2001-08-29,Miércoles,Coal,Caída de persona,AL,Minero,29,día,15:40 (OFICIAL Part50),Instalación de superficie,01-01247,NORM-2,"E, G, I, L, M"
FAI-2001-C17,2001,2001-08-31,Viernes,Coal,Caída de techo,AR,Minero,38,mañana,09:15,Continuous miner,03-01736,NORM-1,"B, E, G, I, L, M"
FAI-2001-C18,2001,2001-09-14,Viernes,Coal,Atrapamiento por maquinaria,WV,Mecánico de mantenimiento,54,mañana,10:35,Cargador frontal,46-08645,PERI-1,
FAI-2001-C19,2001,2001-09-17,Lunes,Coal,Acarreo motorizado,KY,Minero,48,mañana,06:00,Continuous miner,15-17216,META-1,"E, G, I, L, M"
CAI-2001-JWR-01,2001,2001-09-23,Domingo,Coal,Explosión,AL,Minero,45,tarde,17:20,Estación de carga de baterías (roof fall) + float coal dust,01-01322,CONF-1,"E, G, M"
CAI-2001-JWR-02,2001,2001-09-23,Domingo,Coal,Explosión,AL,Minero,29,tarde,17:20,Estación de carga de baterías (roof fall) + float coal dust,01-01322,CONF-1,"E, G, M"
CAI-2001-JWR-03,2001,2001-09-23,Domingo,Coal,Explosión,AL,Minero,50,tarde,17:20,Estación de carga de baterías (roof fall) + float coal dust,01-01322,CONF-1,"E, G, M"
CAI-2001-JWR-04,2001,2001-09-23,Domingo,Coal,Explosión,AL,Minero,31,tarde,17:20,Estación de carga de baterías (roof fall) + float coal dust,01-01322,CONF-1,"E, G, M"
CAI-2001-JWR-05,2001,2001-09-23,Domingo,Coal,Explosión,AL,Minero,50,tarde,17:20,Estación de carga de baterías (roof fall) + float coal dust,01-01322,CONF-1,"E, G, M"
CAI-2001-JWR-06,2001,2001-09-23,Domingo,Coal,Explosión,AL,Minero,62,tarde,17:20,Estación de carga de baterías (roof fall) + float coal dust,01-01322,CONF-1,"E, G, M"
CAI-2001-JWR-07,2001,2001-09-23,Domingo,Coal,Explosión,AL,Minero,43,tarde,17:20,Estación de carga de baterías (roof fall) + float coal dust,01-01322,CONF-1,"E, G, M"
CAI-2001-JWR-08,2001,2001-09-23,Domingo,Coal,Explosión,AL,Minero,21,tarde,17:20,Estación de carga de baterías (roof fall) + float coal dust,01-01322,CONF-1,"E, G, M"
CAI-2001-JWR-09,2001,2001-09-23,Domingo,Coal,Explosión,AL,Minero,54,tarde,17:20,Estación de carga de baterías (roof fall) + float coal dust,01-01322,CONF-1,"E, G, M"
CAI-2001-JWR-10,2001,2001-09-23,Domingo,Coal,Explosión,AL,Minero,57,tarde,17:20,Estación de carga de baterías (roof fall) + float coal dust,01-01322,CONF-1,"E, G, M"
CAI-2001-JWR-11,2001,2001-09-23,Domingo,Coal,Explosión,AL,Minero,49,tarde,17:20,Estación de carga de baterías (roof fall) + float coal dust,01-01322,CONF-1,"E, G, M"
CAI-2001-JWR-12,2001,2001-09-23,Domingo,Coal,Explosión,AL,Minero,45,tarde,17:20,Estación de carga de baterías (roof fall) + float coal dust,01-01322,CONF-1,"E, G, M"
CAI-2001-JWR-13,2001,2001-09-23,Domingo,Coal,Explosión,AL,Minero,31,tarde,17:20,Estación de carga de baterías (roof fall) + float coal dust,01-01322,CONF-1,"E, G, M"
FAI-2001-M21,2001,2001-10-02,Martes,Metal/NonMetal,Electrocución / Contacto eléctrico,MN,Contratista — Electricista,44,mañana,11:15,Cargador frontal,21-00790,PERI-1,"G, K, L"
CAI-2001-58,2001,2001-10-03,Miércoles,Coal,Acarreo motorizado,KY,Truck driver,N/D,N/D,10:45,Mack DM600,15-18015,N/D,"E, G, I, L, M"
FAI-2001-M22,2001,2001-10-03,Miércoles,Metal/NonMetal,Acarreo motorizado,AZ,Operador,53,noche,01:30,Chancador,02-00137,PERI-1,"B, E, G, I, L, M"
FAI-2001-M23,2001,2001-10-04,Jueves,Metal/NonMetal,Acarreo motorizado,AZ,Conductor de camión,39,mañana,10:45,Correa transportadora,02-00704,PERI-1,"E, G, I, L, M"
FAI-2001-M24,2001,2001-10-17,Miércoles,Metal/NonMetal,Explosivos y detonadores,IA,Mecánico,40,mañana,07:30,Cargador frontal,13-02088,PERI-1,"E, G, K, L, M"
FAI-2001-M25,2001,2001-10-22,Lunes,Metal/NonMetal,Caída de persona,FL,Operador,44,mañana,12:20,NO VALUE FOUND,08-01304,NORM-1,"B, G, I, L"
FAI-2001-C34,2001,2001-10-26,Viernes,Coal,Caída de techo,WV,Operador de pernadora de techo,31,tarde,14:00,Continuous miner,46-08763,META-1,"B, E, G, I, L, M"
FAI-2001-M26,2001,2001-10-29,Lunes,Metal/NonMetal,Acarreo motorizado,WY,Obrero general,36,mañana,07:00,Correa transportadora,48-01326,META-1,"G, K, L"
FAI-2001-C35,2001,2001-11-01,Jueves,Coal,Acarreo motorizado,WV,Conductor,25,tarde,16:30,Cargador frontal,46-07178,PERI-1,"G, K, L"
CAI-2001-55,2001,2001-11-05,Lunes,Coal,Caída de techo,WV,Utilityman,26,día,05:40,Techo de la 5 Left Section,46-08074,NORM-2,"B, E, G, I, L, M"
FAI-2001-C37,2001,2001-11-08,Jueves,Coal,Acarreo motorizado,OH,Obrero general,29,noche,23:30,Correa transportadora,33-03349,PERI-1,E
FAI-2001-M27,2001,2001-11-09,Viernes,Metal/NonMetal,Caída de persona,CA,Capataz,50,mañana,08:30,Correa transportadora,04-01734,PERI-1,"B, E, G, I, L, M"
CAI-2001-57,2001,2001-11-20,Martes,Coal,Acarreo motorizado,WV,Miembro de cuadrilla de vía (track crew),N/D,día,11:55,Locomotora a batería con carro plano de rieles,46-01437,N/D,"B, E, G, I, L, M"
FAI-2001-C39,2001,2001-11-21,Miércoles,Coal,Atrapamiento por maquinaria,IN,Operador de continuous miner,N/D,tarde,20:15,Continuous miner,12-02215,PERI-1,"E, G, M"
FAI-2001-C40,2001,2001-11-27,Martes,Coal,Caída de persona,KY,Operador,41,tarde,20:15,Correa transportadora,15-05485,PERI-1,"B, E, G, I, L, M"
FAI-2001-C41,2001,2001-11-29,Jueves,Coal,Caída de costilla,IN,Operador de perforadora de techo,N/D,tarde,15:20,Continuous miner,12-02249,NORM-1,"B, E, G, I, L, M"
FAI-2001-M28,2001,2001-12-04,Martes,Metal/NonMetal,Caída de persona,NC,Supervisor,23,mañana,13:50,Grúa,31-02153,PERI-1,"E, G, I, L, M"
FAI-2001-M29,2001,2001-12-04,Martes,Metal/NonMetal,Acarreo motorizado,WA,Obrero general,52,tarde,15:30,Correa transportadora,45-03388,PERI-1,"E, G, I, L, M"
FAI-2001-C42,2001,2001-12-17,Lunes,Coal,Atrapamiento por maquinaria,KY,Obrero general,47,mañana,11:50,Cargador frontal,15-18317,PERI-1,"B, E, G, M"
FAI-2001-M30,2001,2001-12-17,Lunes,Metal/NonMetal,Acarreo motorizado,KY,Contratista,60,mañana,06:10,CAEX,15-06863,PERI-1,"B, E, G, I, L, M"
FAI-2002-C01,2002,2002-01-02,Miércoles,Coal,Acarreo motorizado,WV,Operador de continuous miner,44,mañana,13:05,Continuous miner,46-07273,NORM-1,"E, G, M"
FAI-2002-M01,2002,2002-01-09,Miércoles,Metal/NonMetal,Acarreo motorizado,TX,Obrero general,21,tarde,16:00,Cargador frontal,41-04333,CONF-1,"E, G, I, L, M"
FAI-2002-M02,2002,2002-01-12,Sábado,Metal/NonMetal,Acarreo motorizado,WY,Operador,62,mañana,07:00,Cargador frontal,48-01610,PERI-1,"B, E, G, I, L, M"
FAI-2002-M06,2002,2002-01-14,Lunes,Metal/NonMetal,Caída de persona,GA,Capataz,38,mañana,13:15,Rope/cable metálico,09-00076,PERI-1,"B, E, G, M"
FAI-2002-M04,2002,2002-01-21,Lunes,Metal/NonMetal,Atrapamiento por maquinaria,CO,Operador,51,mañana,12:15,Correa transportadora,05-04733,META-1,"E, G, K, L, M"
MAI-2002-95,2002,2002-01-21,Lunes,Metal/NonMetal,Caída de material,OR,"Laborer, Blacksmith, Bull gang, Parts runner, Rous",N/D,N/D,19:07,NO VALUE FOUND ?,35-02970,N/D,"E, G, K, L, M"
CAI-2002-31,2002,2002-01-24,Jueves,Coal,Electrocución / Contacto eléctrico,VA,Obrero,42,tarde,22:30,"Section power center Line Power 600 PC (alta tensión 12,470 VAC)",44-06051,NORM-3,"B, G, K, L, N"
FAI-2002-M05,2002,2002-01-24,Jueves,Metal/NonMetal,Acarreo motorizado,TN,Operador,62,mañana,07:30,Cargador frontal,40-00088,PERI-1,"B, E, G, L, M"
FAI-2002-C03,2002,2002-01-28,Lunes,Coal,Explosión / Incendio,VA,Operador,54,tarde,19:00,Correa transportadora,44-03795,NORM-1,"E, G, K, L, M"
FAI-2002-C04,2002,2002-01-31,Jueves,Coal,Acarreo motorizado,KY,Capataz,32,día,05:35,Continuous miner,15-17234,PERI-1,"B, E, G, I, L, M"
FAI-2002-M07,2002,2002-02-09,Sábado,Metal/NonMetal,Atrapamiento por maquinaria,NM,Operador,38,mañana,10:00,Bulldozer/topadora,32-00775,PERI-1,"E, G, K, L, M"
FAI-2002-M08,2002,2002-02-13,Miércoles,Metal/NonMetal,Atrapamiento por maquinaria,SC,Operador,50,mañana,07:00,Bulldozer/topadora,38-00014,PERI-1,"E, G, M"
FAI-2002-M09,2002,2002-02-13,Miércoles,Metal/NonMetal,Atrapamiento por maquinaria,FL,Electricista,53,tarde,18:00,Grúa,08-00519,META-1,"E, G, K, L, M"
FAI-2002-C05,2002,2002-02-18,Lunes,Coal,Caída de techo,KY,Operador,39,tarde,14:50,Continuous miner,15-16893,CONF-1,"B, E, G, I, L, M"
FAI-2002-C06,2002,2002-02-20,Miércoles,Coal,Caída de techo,WV,Operador,53,tarde,17:30,Continuous miner,46-08814,PERI-1,"B, E, G, I, L, M"
FAI-2002-C07,2002,2002-02-20,Miércoles,Coal,Caída de persona,WY,Operador,49,tarde,18:00,Bulldozer/topadora,48-00977,NORM-1,"B, E, G, I, L, M"
FAI-2002-C08,2002,2002-02-27,Miércoles,Coal,Acarreo motorizado,UT,Inspector,43,tarde,17:05,Correa transportadora,42-01474,PERI-1,"G, K, L"
CAI-2002-32,2002,2002-03-22,Viernes,Coal,Atrapamiento por maquinaria,KY,Capataz,33,tarde,21:55,Minadora continua Joy (control remoto) — conveyor boom,15-17651,NORM-2,"E, G, K, L, M"
FAI-2002-M10,2002,2002-03-29,Viernes,Metal/NonMetal,Acarreo motorizado,NE,Conductor de camión,53,mañana,08:30,Cargador frontal,25-00979,META-1,"E, G, I, L, M"
FAI-2002-M12,2002,2002-03-30,Sábado,Metal/NonMetal,Acarreo motorizado,TX,Asistente de proceso (process assistant,67,noche,04:00,Cargador frontal,41-00071,NORM-1,"E, G, M"
FAI-2002-M11,2002,2002-04-04,Jueves,Metal/NonMetal,Explosivos y detonadores,MO,Mecánico,54,mañana,13:00,Chancador,23-00542,PERI-1,"E, G, M"
FAI-2002-C10,2002,2002-04-10,Miércoles,Coal,Caída de techo,WV,Operador de minador continuo,33,noche,22:15,Continuous miner,46-05121,COMP-3,"B, E, G, I, L, M"
FAI-2002-M13,2002,2002-04-22,Lunes,Metal/NonMetal,Atrapamiento por maquinaria,SD,Capataz,22,mañana,07:00,Cargador frontal,39-00009,CONF-1,"E, G, K, L, M"
FAI-2002-M14,2002,2002-04-24,Miércoles,Metal/NonMetal,Acarreo motorizado,TX,Mecánico,22,tarde,14:45,Cargador frontal,41-01241,META-1,"E, G, I, L, M"
FAI-2002-C11,2002,2002-04-26,Viernes,Coal,Acarreo motorizado,NM,Operador,61,tarde,21:30,Cargador frontal,29-01879,PERI-1,"B, E, G, I, L, M"
FAI-2002-M20,2002,2002-05-03,Viernes,Metal/NonMetal,Atrapamiento por maquinaria,FL,Operador,62,mañana,07:15,Cargador frontal,08-00519,PERI-1,"E, G, M"
CAI-2002-12,2002,2002-05-11,Sábado,Coal,Electrocución / Contacto eléctrico,PA,Operador,31,tarde,12:45,Coal hauler (marco energizado por cable pinzado),36-00958,NORM-2,"E, G, K, L"
FAI-2002-M15,2002,2002-05-16,Jueves,Metal/NonMetal,Caída de persona,IL,Operador,43,mañana,06:30,Correa transportadora,11-01081,PERI-1,"B, E, G, I, L, M"
FAI-2002-C13,2002,2002-05-21,Martes,Coal,Electrocución / Contacto eléctrico,KY,Electricista,50,noche,03:30,Continuous miner,15-17234,PERI-1,"G, K, L"
CAI-2002-90,2002,2002-05-23,Jueves,Coal,Electrocución / Contacto eléctrico,KY,Capataz,49,día,05:50,Correa transportadora,15-16349,PERI-1,"E, G, K, L"
FAI-2002-M16,2002,2002-06-01,Sábado,Metal/NonMetal,Acarreo motorizado,AZ,Operador,32,mañana,13:45,Correa transportadora,02-00150,NORM-3,"G, K, L"
FAI-2002-M17,2002,2002-06-03,Lunes,Metal/NonMetal,Atrapamiento por maquinaria,MO,Mecánico,41,mañana,08:30,Correa transportadora,23-00134,PERI-1,"E, G, K, L, M"
FAI-2002-M18,2002,2002-06-12,Miércoles,Metal/NonMetal,Atrapamiento por maquinaria,TX,Ayudante,35,noche,22:40,Grúa,41-00906,PERI-1,"E, G, K, L, M"
CAI-2002-28,2002,2002-06-19,Miércoles,Coal,Acarreo motorizado,KY,Operador,35,día,07:20 (OFICIAL Part50),Shuttle car (canopy) + perno de techo,15-15455,NORM-2,"E, G, I, L, M"
FAI-2002-C14,2002,2002-06-20,Jueves,Coal,Acarreo motorizado,VA,Operador,55,noche,23:45,Continuous miner,44-04856,PERI-1,"B, E, G, I, L, M"
CAI-2002-16,2002,2002-06-28,Viernes,Coal,Acarreo motorizado,VA,Conductor de camión,49,día,05:50,Camión de acarreo + impoundment de slurry,44-05898,NORM-2,"E, G, I, L, M"
FAI-2002-M19,2002,2002-07-02,Martes,Metal/NonMetal,Atrapamiento por maquinaria,MO,Obrero general,51,mañana,12:30,Cargador frontal,23-02115,NORM-1,"B, G"
FAI-2002-C17,2002,2002-07-10,Miércoles,Coal,Acarreo motorizado,IN,Contratista,44,tarde,14:30,Correa transportadora,12-01732,NORM-3,"G, K, L"
FAI-2002-M21,2002,2002-08-06,Martes,Metal/NonMetal,Acarreo motorizado,WY,Contratista,50,noche,23:30,"Mine car, Ore or coal car, Boxcar, Hopper car",48-01497,PERI-1,"E, G, I, L, M"
FAI-2002-M22,2002,2002-08-06,Martes,Metal/NonMetal,Inundación,IN,Minero,55,tarde,16:00,Grúa horquilla,12-00426,NORM-1,"E, G, K, L, M"
FAI-2002-C18,2002,2002-08-12,Lunes,Coal,Atrapamiento por maquinaria,WV,Capataz,23,mañana,06:20,Continuous miner,46-08836,META-1,"B, E, G, M"
CAI-2002-19,2002,2002-08-13,Martes,Coal,Caída de persona,PA,Operador,66,noche,03:00,Borde de highwall sin protección,36-08777,NORM-2,"E, G, I, L, M"
FAI-2002-M23,2002,2002-08-17,Sábado,Metal/NonMetal,Electrocución / Contacto eléctrico,AZ,Contratista,31,mañana,10:50,NO VALUE FOUND,02-02873,PERI-1,"G, K, L"
CAI-2002-37,2002,2002-08-19,Lunes,Coal,Caída de costilla,KY,Contratista,29,tarde,21:00,Rib de slope (roca de 8.5×3×2 ft),15-17216,COMP-2,"B, E, G, I, L, M"
FAI-2002-M24,2002,2002-08-20,Martes,Metal/NonMetal,Acarreo motorizado,TN,Conductor,20,mañana,08:30,Cargador frontal,40-00122,META-1,"E, G, I, L, M"
CAI-2002-42,2002,2002-08-27,Martes,Coal,No determinado / Otro,PA,"Auger operator, Auger Crew supervisor",N/D,N/D,08:15,NO VALUE FOUND ?,36-01046,N/D,"E, G, K, L, M"
FAI-2002-C22,2002,2002-08-30,Viernes,Coal,Acarreo motorizado,KY,Conductor de camión,34,mañana,07:00,Bulldozer/topadora,15-18041,NORM-1,"E, G, I, L, M"
FAI-2002-M25,2002,2002-09-10,Martes,Metal/NonMetal,Atrapamiento por maquinaria,MD,Perforista,58,mañana,12:45,Perforadora,18-00013,PERI-1,"B, E, G, L, M"
FAI-2002-M26,2002,2002-09-10,Martes,Metal/NonMetal,Acarreo motorizado,ID,Operador,57,mañana,11:30,Bulldozer/topadora,10-01911,PERI-1,"B, E, G, I, L, M"
FAI-2002-M27,2002,2002-09-16,Lunes,Metal/NonMetal,Electrocución / Contacto eléctrico,FL,Capataz,43,tarde,18:30,Correa transportadora,08-00956,PERI-1,"E, G, K, L"
FAI-2002-M28,2002,2002-09-23,Lunes,Metal/NonMetal,Explosión / Incendio,AZ,Contratista,43,mañana,08:15,Correa transportadora,02-01138,ATAJ-1,"E, G, K, L, M"
FAI-2002-M29,2002,2002-09-23,Lunes,Metal/NonMetal,Acarreo motorizado,TN,Operador,43,tarde,15:55,Correa transportadora,40-03095,META-1,"G, K, L"
FAI-2002-C23,2002,2002-10-07,Lunes,Coal,Caída de persona,AL,Operador,31,mañana,13:00,Cargador frontal,01-03196,PERI-1,"E, G, I, L, M"
FAI-2002-M30,2002,2002-10-12,Sábado,Metal/NonMetal,Acarreo motorizado,CO,Operador,52,mañana,09:30,Cargador frontal,05-04634,NORM-1,"G, I, L, M"
FAI-2002-M31,2002,2002-10-14,Lunes,Metal/NonMetal,Falla de highwall / Talud,IL,Operador,25,noche,23:15,Cargador frontal,11-01848,NORM-1,"B, E, G, I, L, M"
FAI-2002-M32,2002,2002-10-17,Jueves,Metal/NonMetal,Atrapamiento por maquinaria,WA,Operador,45,mañana,06:45,Correa transportadora,45-03330,PERI-1,"E, G, M"
MAI-2002-91,2002,2002-10-17,Jueves,Metal/NonMetal,Caída de material,NV,Trabajador minero,27,día,11:15 (OFICIAL Part50),Equipo asociado a otro,26-02300,NORM-2,"E, G, M"
MAI-2002-92,2002,2002-10-17,Jueves,Metal/NonMetal,Caída de material,NV,Trabajador minero,33,día,11:15 (OFICIAL Part50),Equipo asociado a otro,26-02300,NORM-2,"E, G, M"
FAI-2002-M33,2002,2002-10-21,Lunes,Metal/NonMetal,Acarreo motorizado,NY,Operador,48,mañana,10:00,Correa transportadora,30-03215,NORM-1,"B, E, G, I, L, M"
FAI-2002-M35,2002,2002-10-21,Lunes,Metal/NonMetal,Acarreo motorizado,OR,Conductor de camión,51,tarde,14:30,Bulldozer/topadora,35-00507,PERI-1,"B, E, G, I, L, M"
FAI-2002-M34,2002,2002-10-24,Jueves,Metal/NonMetal,Atrapamiento por maquinaria,AR,Manejador de combustible,27,mañana,12:45,Cargador frontal,03-00256,NORM-1,"E, G, M"
MAI-2002-93,2002,2002-11-01,Viernes,Metal/NonMetal,Atrapamiento por maquinaria,FL,Trabajador minero,60,día,17:00 (OFICIAL Part50),Equipo asociado a atrapamiento por maquinaria,08-00388,NORM-2,"E, G, K, L, M"
FAI-2002-M38,2002,2002-11-13,Miércoles,Metal/NonMetal,Atrapamiento por maquinaria,PR,Operador,30,mañana,13:45,Cargador frontal,54-00297,PERI-1,"B, E, G, M"
FAI-2002-M39,2002,2002-12-09,Lunes,Metal/NonMetal,Acarreo motorizado,NM,Conductor de camión,48,mañana,08:23,Correa transportadora,29-00802,PERI-1,"E, G, I, L, M"
FAI-2002-M40,2002,2002-12-09,Lunes,Metal/NonMetal,Acarreo motorizado,MI,Conductor de camión,47,mañana,06:00,Correa transportadora,20-00041,NORM-1,"G, K, L"
CAI-2002-24,2002,2002-12-13,Viernes,Coal,Acarreo motorizado,KY,Conductor de camión,34,día,21:20 (OFICIAL Part50),Camión articulado de acarreo,15-18008,NORM-2,"E, G, I, L, M"
MAI-2002-94,2002,2002-12-20,Viernes,Metal/NonMetal,Manejo de materiales,AZ,Trabajador minero,41,día,00:20 (OFICIAL Part50),Equipo asociado a otro,02-00024,NORM-2,"E, G, M"
CAI-2002-40,2002,2002-12-26,Jueves,Coal,Atrapamiento por maquinaria,WV,Engrasador de dragline (Dragline Oiler),48,tarde,18:30,Dragline (walking shoe derecho),46-07178,NORM-2,"B, E, G, I, L, M"
CAI-2002-41,2002,2002-12-27,Viernes,Coal,Caída de techo,WV,Operador,52,tarde,18:20,Mobile roof supports Fletcher 13/13A,46-08429,NORM-3,"B, E, G, I, L, M"
FAI-2002-C27,2002,2002-12-28,Sábado,Coal,Atrapamiento por maquinaria,KY,Capataz,23,mañana,13:00,Huinche/Winche,15-17718,CONF-1,
MAI-2003-01,2003,2003-01-07,Martes,Metal/NonMetal,Inundación,TX,Contratista,34,tarde,19:00,Correa transportadora,41-00071,PERI-1,"E, G, K, L, M"
MAI-2003-02,2003,2003-01-13,Lunes,Metal/NonMetal,Caída de persona,CA,Supervisor,62,mañana,06:30,Cargador frontal,04-00213,PERI-1,"B, E, G, I, L, M"
MAI-2003-03,2003,2003-01-18,Sábado,Metal/NonMetal,Caída de persona,KY,Capataz,37,día,05:40,CAEX,15-00016,NORM-1,"E, G, I, K, L, M"
CAI-2003-09,2003,2003-01-21,Martes,Coal,Electrocución / Contacto eléctrico,VA,Obrero general,33,mañana,13:55,Continuous miner,44-07052,ATAJ-1,"K, L, N"
CAI-2003-01,2003,2003-01-22,Miércoles,Coal,Explosión / Incendio,WV,Supervisor,38,noche,01:00,Huinche/Winche,46-01437,CONF-1,"E, G, K, L, M"
CAI-2003-MCE-02,2003,2003-01-22,Miércoles,Coal,Explosión / Incendio,WV,Supervisor,32,noche,01:00,Huinche/Winche,46-01437,CONF-1,"E, G, K, L, M"
CAI-2003-MCE-03,2003,2003-01-22,Miércoles,Coal,Explosión / Incendio,WV,Supervisor,49,noche,01:00,Huinche/Winche,46-01437,CONF-1,"E, G, K, L, M"
CAI-2003-04,2003,2003-01-30,Jueves,Coal,Acarreo motorizado,KY,Capataz,52,tarde,21:45,Continuous miner,15-07763,CONF-1,"E, G, I, L, M"
MAI-2003-04,2003,2003-02-11,Martes,Metal/NonMetal,Explosión / Incendio,TX,Operador,N/D,mañana,13:00,Mototraílla,41-00298,DISP-1,"E, G, K, L, M"
CAI-2003-05,2003,2003-02-15,Sábado,Coal,Caída de costilla,IL,Minero subterráneo,N/D,noche,02:30,Continuous miner,11-00877,NORM-1,"B, E, G, I, L, M"
CAI-2003-06,2003,2003-02-20,Jueves,Coal,Caída de persona,WY,Supervisor,44,tarde,14:10,Correa transportadora,48-00977,META-1,"B, E, G, I, L, M"
CAI-2003-07,2003,2003-03-17,Lunes,Coal,Acarreo motorizado,KY,Inspector,48,tarde,18:10,CAEX,15-13936,META-1,"B, E, G, I, L, M"
CAI-2003-13,2003,2003-03-23,Domingo,Coal,Electrocución / Contacto eléctrico,WV,Capataz,51,tarde,04:00,Section power center 480V AC (usado como blasting machine — uso no permisible),46-08776,CONF-1,"B, E, G, I, K, L, M"
MAI-2003-05,2003,2003-03-24,Lunes,Metal/NonMetal,Atrapamiento por maquinaria,IL,Capataz,46,mañana,07:00,Correa transportadora,11-03084,PERI-1,"B, G, I, K, L, M"
MAI-2003-06,2003,2003-03-29,Sábado,Metal/NonMetal,Caída de persona,NJ,Supervisor,44,mañana,06:56,Correa transportadora,28-00015,NORM-1,"B, E, G, K, L, M"
CAI-2003-08,2003,2003-04-04,Viernes,Coal,Acarreo motorizado,KY,Conductor de camión,34,mañana,07:00,CAEX,15-05485,PERI-1,"B, E, G, I, L, M"
CAI-2003-10,2003,2003-04-09,Miércoles,Coal,Acarreo motorizado,IL,Conductor de camión,20,tarde,17:45,Bulldozer/topadora,11-03102,ATAJ-1,"E, G, M"
CAI-2003-11,2003,2003-04-15,Martes,Coal,Atrapamiento por maquinaria,IL,Operador,35,noche,00:30,Continuous miner,11-02632,NORM-3,"E, G, K, L, M"
MAI-2003-08,2003,2003-04-16,Miércoles,Metal/NonMetal,Atrapamiento por maquinaria,NM,Capataz,57,tarde,15:00,Cargador frontal,29-01968,PERI-1,"G, K, L"
MAI-2003-92,2003,2003-04-21,Lunes,Metal/NonMetal,Acarreo motorizado,KS,Operador,58,mañana,07:00,Cargador frontal,14-01506,PERI-1,"B, E, G, I, L, M"
MAI-2003-07,2003,2003-04-25,Viernes,Metal/NonMetal,Atrapamiento por maquinaria,NH,Operador,39,mañana,12:00,Cargador frontal,27-00332,PERI-1,"E, G, K, L, M"
CAI-2003-12,2003,2003-04-27,Domingo,Coal,Explosión / Incendio,WV,Contratista — Mecánico,42,mañana,07:00,Cargador frontal,46-08773,META-1,"E, G, K, L, M"
MAI-2003-09,2003,2003-05-15,Jueves,Metal/NonMetal,Atrapamiento por maquinaria,NC,standing on this beam at the time of the accident,51,mañana,07:00,Grúa,31-01235,PERI-1,"E, G, M"
MAI-2003-10,2003,2003-05-21,Miércoles,Metal/NonMetal,Electrocución / Contacto eléctrico,OH,Capataz,50,mañana,11:45,Cargador frontal,33-02518,PERI-1,"E, G, K, L"
MAI-2003-11,2003,2003-06-02,Lunes,Metal/NonMetal,Caída de material,GA,Supervisor,52,tarde,14:00,Pala hidráulica,09-01127,PERI-1,"E, G, M"
CAI-2003-14,2003,2003-06-09,Lunes,Coal,Atrapamiento por maquinaria,KY,Supervisor,49,mañana,06:00,Cargador frontal,15-16349,CONF-3,"E, G, K, L, M"
CAI-2003-15,2003,2003-06-13,Viernes,Coal,Explosivos y detonadores,KY,Capataz,21,mañana,12:30,Correa transportadora,15-17373,PERI-1,"E, G, K, L, M"
CAI-2003-16,2003,2003-06-13,Viernes,Coal,Electrocución / Contacto eléctrico,PA,Capataz,41,mañana,13:15,Continuous miner,36-08725,PERI-1,"E, G, K, L"
MAI-2003-12,2003,2003-06-14,Sábado,Metal/NonMetal,Atrapamiento por maquinaria,CA,Capataz,25,tarde,14:00,Correa transportadora,04-01800,PERI-1,
CAI-2003-17,2003,2003-06-20,Viernes,Coal,Acarreo motorizado,KY,Inspector,32,noche,01:45,Continuous miner,15-18376,PERI-1,"B, E, G, I, L, M"
CAI-2003-51,2003,2003-06-23,Lunes,Coal,Atrapamiento por maquinaria,IN,Mecánico,47,día,12:40,Cargador frontal Caterpillar 980C (balde con deriva hidráulica),12-01732,NORM-2,"E, G, K, L, M"
CAI-2003-19,2003,2003-06-26,Jueves,Coal,Acarreo motorizado,AL,Mecánico,59,mañana,07:05,Cargador frontal,01-03162,PERI-1,"B, E, G, I, L, M"
CAI-2003-20,2003,2003-07-02,Miércoles,Coal,Atrapamiento por maquinaria,KY,Operador de minador continuo,N/D,tarde,15:15,Continuous miner,15-02709,META-1,"E, G, K, L, M"
CAI-2003-21,2003,2003-07-19,Sábado,Coal,Electrocución / Contacto eléctrico,WV,Electricista,27,tarde,17:15,Continuous miner,46-08436,CONF-1,"G, K, L"
MAI-2003-13,2003,2003-07-22,Martes,Metal/NonMetal,Electrocución / Contacto eléctrico,WA,Mecánico,51,mañana,07:00,Correa transportadora,45-03110,PERI-1,"G, K, L"
MAI-2003-90,2003,2003-08-09,Sábado,Metal/NonMetal,Caída de persona,NV,Capataz,40,mañana,12:45,NO VALUE FOUND,26-00680,META-1,"E, G, I, L, M"
CAI-2003-22,2003,2003-08-20,Miércoles,Coal,Caída de techo,KY,Capataz,52,mañana,13:40,Continuous miner,15-17216,PERI-1,"B, E, G, I, L, M"
MAI-2003-24,2003,2003-08-21,Jueves,Metal/NonMetal,Atrapamiento por maquinaria,AR,Mecánico,51,mañana,07:45,Correa transportadora,03-01587,PERI-1,"G, K, L"
MAI-2003-15,2003,2003-09-01,Lunes,Metal/NonMetal,Acarreo motorizado,TN,Ingeniero,20,mañana,07:30,Grúa horquilla,40-03211,PERI-1,"E, G, I, L, M"
CAI-2003-23,2003,2003-09-05,Viernes,Coal,Explosión de recipiente a presión,VA,Minero,28,tarde,20:45,Cargador frontal,44-03658,PERI-1,"E, G, K, L, M"
CAI-2003-24,2003,2003-09-09,Martes,Coal,Acarreo motorizado,WY,Operador,30,mañana,09:45,Pala hidráulica,48-00732,PERI-1,"E, G, I, L, M"
CAI-2003-30,2003,2003-09-09,Martes,Coal,Atrapamiento por maquinaria,KY,Operador,73,mañana,08:15,Cargador frontal,15-18661,NORM-1,"E, G, M"
CAI-2003-25,2003,2003-09-17,Miércoles,Coal,Acarreo motorizado,WV,Inspector,37,mañana,06:00,Correa transportadora,46-08645,META-1,"E, G, I, L, M"
CAI-2003-TWI-02,2003,2003-09-17,Miércoles,Coal,Acarreo motorizado,WV,Operador de perforadora de highwall,47,mañana,06:00,Correa transportadora,46-08645,META-1,"E, G, I, L, M"
MAI-2003-16,2003,2003-09-22,Lunes,Metal/NonMetal,Acarreo motorizado,SC,Obrero,39,mañana,11:15,Correa transportadora,38-00014,COMP-2,"E, G, M"
MAI-2003-17,2003,2003-09-26,Viernes,Metal/NonMetal,Atrapamiento por maquinaria,SC,Técnico de servicio de neumáticos,38,mañana,13:30,CAEX,38-00310,META-1,"E, G, I, K, L, M"
MAI-2003-18,2003,2003-09-29,Lunes,Metal/NonMetal,Acarreo motorizado,OH,Operador,55,tarde,14:30,Cargador frontal,33-01598,NORM-1,"B, E, G, I, L, M"
MAI-2003-19,2003,2003-10-01,Miércoles,Metal/NonMetal,Atrapamiento por maquinaria,AL,employed subcontractor,45,mañana,07:30,Bulldozer/topadora,01-03272,PERI-1,"E, G, M"
MAI-2003-91,2003,2003-10-01,Miércoles,Metal/NonMetal,Acarreo motorizado,CO,Capataz,39,mañana,09:00,Rope/cable metálico,05-04537,PERI-1,"E, G, I, L, M"
CAI-2003-27,2003,2003-10-22,Miércoles,Coal,Atrapamiento por maquinaria,VA,Capataz,41,mañana,10:00,Continuous miner,44-06503,PERI-1,"B, G, I, K, L, M"
CAI-2003-28,2003,2003-10-24,Viernes,Coal,Caída de techo,WV,Ingeniero,29,mañana,10:20,Continuous miner,46-08820,CONF-1,"B, E, G, I, L, M"
MAI-2003-22,2003,2003-10-30,Jueves,Metal/NonMetal,Acarreo motorizado,MI,Operador,22,mañana,07:30,Cargador frontal,20-03160,META-1,"E, G, I, L, M"
CAI-2003-31,2003,2003-11-10,Lunes,Coal,Atrapamiento por maquinaria,KY,Contratista,30,mañana,13:00,Cargador frontal,15-18444,COMP-2,"E, G, K, L, M"
MAI-2003-23,2003,2003-11-19,Miércoles,Metal/NonMetal,Caída de persona,NV,Operador,38,mañana,11:00,Chancador,26-01089,META-1,"E, G, I, L, M"
MAI-2003-25,2003,2003-11-23,Domingo,Metal/NonMetal,Atrapamiento por maquinaria,OR,Operador,44,tarde,14:00,Correa transportadora,35-03584,META-1,"G, K, L"
MAI-2003-26,2003,2003-12-20,Sábado,Metal/NonMetal,Acarreo motorizado,AL,Conductor de camión,37,mañana,07:30,CAEX,01-01138,META-1,"E, G, I, L, M"
CAI-2004-01,2004,2004-01-03,Sábado,Coal,Atrapamiento por maquinaria,UT,Mecánico,26,noche,22:20,Continuous miner,42-00089,PERI-1,"E, G, M"
CAI-2004-02,2004,2004-01-22,Jueves,Coal,Acarreo motorizado,UT,Operador,25,noche,23:00,Continuous miner,42-01474,META-1,"E, G, I, L, M"
MAI-2004-01,2004,2004-01-29,Jueves,Metal/NonMetal,Caída de persona,SC,Obrero general,24,tarde,16:00,Correa transportadora,38-00014,META-1,"E, G, I, L, M"
MAI-2004-02,2004,2004-01-30,Viernes,Metal/NonMetal,Caída de persona,NM,Mecánico,60,mañana,06:50,Cargador frontal,29-02252,PERI-1,"B, E, G, K, L, M"
MAI-2004-90,2004,2004-02-01,Domingo,Metal/NonMetal,Atrapamiento por maquinaria,WY,Operador,34,tarde,18:55,Continuous miner,48-00154,NORM-1,"E, G, K, L, M"
CAI-2004-03,2004,2004-02-03,Martes,Coal,Atrapamiento por maquinaria,KY,Supervisor,46,tarde,16:30,Grúa,15-16349,PERI-1,"B, E, G, K, L, M"
CAI-2004-04,2004,2004-02-05,Jueves,Coal,Electrocución / Contacto eléctrico,WV,Operador,33,mañana,13:30,Continuous miner,46-08808,PERI-1,"B, E, G, K, L, M, N"
MAI-2004-05,2004,2004-02-08,Domingo,Metal/NonMetal,Caída de persona,PA,Obrero general,57,noche,23:00,"Machine, NEC - Wheelbarrow, Well drilling Rig, Post hole auger",36-06468,PERI-1,"E, G, I, L, M"
CAI-2004-05,2004,2004-02-10,Martes,Coal,Acarreo motorizado,WV,Operador de pernadora de techo,25,mañana,07:35,Continuous miner,46-08580,NORM-1,"E, G, I, L, M"
CAI-2004-10,2004,2004-02-10,Martes,Coal,Acarreo motorizado,WV,Conductor,54,tarde,19:00,Correa transportadora,46-06272,PERI-1,"B, E, G, I, L, M"
MAI-2004-04,2004,2004-02-26,Jueves,Metal/NonMetal,Caída de persona,IN,Supervisor,47,tarde,18:00,Huinche/Winche,12-00002,PERI-1,"E, G, I, L, M"
CAI-2004-06,2004,2004-03-02,Martes,Coal,Atrapamiento por maquinaria,WV,Capataz de mantenimiento,50,mañana,07:10,Correa transportadora,46-06045,PERI-1,"E, G, M"
CAI-2004-26,2004,2004-03-12,Viernes,Coal,Atrapamiento por maquinaria,WV,Capataz,32,mañana,12:45,Hand tools (powered),46-08582,COMP-2,"E, G, K, L, M"
MAI-2004-06,2004,2004-03-23,Martes,Metal/NonMetal,Atrapamiento por maquinaria,NY,Capataz,40,mañana,09:25,Cargador frontal,30-00048,META-1,
MAI-2004-07,2004,2004-03-24,Miércoles,Metal/NonMetal,Atrapamiento por maquinaria,OK,Capataz,41,mañana,10:30,Cargador frontal,34-00410,NORM-1,"E, G, M"
CAI-2004-07,2004,2004-04-03,Sábado,Coal,Atrapamiento por maquinaria,WV,Operador de minador continuo,47,tarde,16:00,Continuous miner,46-08875,PERI-1,"E, G, M"
MAI-2004-08,2004,2004-04-16,Viernes,Metal/NonMetal,Caída de persona,TX,Conductor de camión,74,noche,03:00,Correa transportadora,41-00026,PERI-1,"B, E, G, I, L, M"
CAI-2004-08,2004,2004-04-22,Jueves,Coal,Acarreo motorizado,AL,Operador,57,noche,22:45,Correa transportadora,01-01401,ATAJ-1,"E, G, I, L, M"
CAI-2004-09,2004,2004-05-18,Martes,Coal,Caída de costilla,IN,Mecánico/Electricista,N/D,noche,01:50,Continuous miner,12-02010,META-1,"E, G, K, L, M"
MAI-2004-09,2004,2004-05-27,Jueves,Metal/NonMetal,Acarreo motorizado,MI,Conductor de camión,37,mañana,07:00,Cargador frontal,20-02940,META-1,"E, G, I, L, M"
MAI-2004-26,2004,2004-05-31,Lunes,Metal/NonMetal,Acarreo motorizado,IN,Contratista — Conductor de camión,47,mañana,06:00,Correa transportadora,12-00066,PERI-1,"E, G, M"
MAI-2004-10,2004,2004-06-01,Martes,Metal/NonMetal,Atrapamiento por maquinaria,MI,Operador,49,mañana,08:30,Cargador frontal,20-03131,PERI-1,"E, G, K, L, M"
CAI-2004-11,2004,2004-06-10,Jueves,Coal,Acarreo motorizado,WV,Conductor,52,mañana,09:30,Correa transportadora,46-05890,PERI-1,"B, E, G, I, L, M"
CAI-2004-12,2004,2004-06-16,Miércoles,Coal,Acarreo motorizado,AL,Mecánico,45,mañana,09:40,Correa transportadora,01-01401,PERI-1,"B, E, G, I, L, M"
CAI-2004-13,2004,2004-06-16,Miércoles,Coal,Caída de techo,KY,Operador,25,tarde,19:00,Continuous miner,15-18058,CONF-1,"B, E, G, I, L, M"
CAI-2004-14,2004,2004-06-17,Jueves,Coal,Caída de techo,KY,Capataz,26,mañana,06:00,Continuous miner,15-17979,CONF-1,"B, E, G, I, L, M"
MAI-2004-11,2004,2004-06-19,Sábado,Metal/NonMetal,Caída de persona,OR,Minero,33,tarde,14:05,Correa transportadora,35-00525,NORM-1,"E, G, I, L, M"
MAI-2004-12,2004,2004-06-29,Martes,Metal/NonMetal,Acarreo motorizado,NV,Supervisor,43,día,05:00,Cargador frontal,26-02302,NORM-1,"E, G, I, L, M"
MAI-2004-28,2004,2004-07-19,Lunes,Metal/NonMetal,Caída de persona,GA,"Driller, Highwall helper, Highwall drill helper",N/D,N/D,22:00,NO VALUE FOUND,09-00015,N/D,"B, E, G, I, L, M"
MAI-2004-14,2004,2004-07-24,Sábado,Metal/NonMetal,Acarreo motorizado,OK,Obrero general,18,tarde,19:00,Cargador frontal,34-00056,META-1,"G, K, L"
CAI-2004-15,2004,2004-08-02,Lunes,Coal,Caída de techo,KY,Operador de pernadora de techo,38,tarde,15:15,Continuous miner,15-18740,PERI-1,"B, E, G, I, L, M"
CAI-2004-16,2004,2004-08-17,Martes,Coal,Atrapamiento por maquinaria,WV,Ingeniero de minería,N/D,noche,04:15,Continuous miner,46-01437,ATAJ-1,"E, G, K, L, M"
MAI-2004-15,2004,2004-08-18,Miércoles,Metal/NonMetal,Acarreo motorizado,MO,Ayudante,50,mañana,11:30,Correa transportadora,23-00053,NORM-1,"E, G, I, L, M"
MAI-2004-16,2004,2004-08-21,Sábado,Metal/NonMetal,Caída de persona,OR,Capataz,63,mañana,06:00,Correa transportadora,35-00807,PERI-1,"B, E, G, I, L, M"
MAI-2004-17,2004,2004-08-24,Martes,Metal/NonMetal,Acarreo motorizado,NV,Minero,39,mañana,06:00,CAEX,26-02246,PERI-1,"B, E, G, I, L, M"
CAI-2004-17,2004,2004-08-29,Domingo,Coal,Electrocución / Contacto eléctrico,WV,Contratista,37,mañana,11:30,Correa transportadora,46-04670,PERI-1,"E, G, K, L"
MAI-2004-18,2004,2004-09-16,Jueves,Metal/NonMetal,Atrapamiento por maquinaria,NC,Mecánico,35,mañana,11:30,CAEX,31-00718,PERI-1,"E, G, M"
CAI-2004-18,2004,2004-09-24,Viernes,Coal,Electrocución / Contacto eléctrico,VA,Capataz,46,tarde,20:40,Continuous miner,44-07074,PERI-1,"B, E, G, I, K, L, M, N"
CAI-2004-20,2004,2004-09-24,Viernes,Coal,Atrapamiento por maquinaria,WV,Mecánico,63,mañana,09:00,Bulldozer/topadora,46-09064,PERI-1,"G, K, L"
CAI-2004-19,2004,2004-09-26,Domingo,Coal,Acarreo motorizado,VA,Capataz,46,tarde,19:00,Continuous miner,44-04856,PERI-1,"B, E, G, I, L, M"
MAI-2004-19,2004,2004-09-28,Martes,Metal/NonMetal,Acarreo motorizado,TN,Operador,64,mañana,06:30,Correa transportadora,40-02271,NORM-3,"B, E, G, I, L, M"
CAI-2004-21,2004,2004-10-01,Viernes,Coal,Acarreo motorizado,PA,Operador,51,mañana,09:30,Cargador frontal,36-08649,META-1,"B, E, G, I, L, M"
MAI-2004-20,2004,2004-10-12,Martes,Metal/NonMetal,Acarreo motorizado,IA,Conductor de camión,58,mañana,08:40,Cargador frontal,13-02266,META-1,"E, G, I, L, M"
MAI-2004-21,2004,2004-10-16,Sábado,Metal/NonMetal,Electrocución / Contacto eléctrico,MO,Obrero general,37,mañana,09:00,Cargador frontal,23-00099,META-1,"E, G, K, L"
CAI-2004-23,2004,2004-10-23,Sábado,Coal,Electrocución / Contacto eléctrico,VA,Electricista,56,tarde,17:50,Continuous miner,44-06777,CONF-1,"G, K, L"
CAI-2004-24,2004,2004-11-09,Martes,Coal,Acarreo motorizado,KY,Operador,57,mañana,09:00,Cargador frontal,15-18755,PERI-1,"B, E, G, I, L, M"
CAI-2004-25,2004,2004-11-20,Sábado,Coal,Falla de highwall / Talud,WV,Operador,41,tarde,15:30,Bulldozer/topadora,46-08683,PERI-1,"B, E, G, I, L, M"
CAI-2004-27,2004,2004-12-02,Jueves,Coal,Atrapamiento por maquinaria,WV,Capataz,44,mañana,08:15,Bulldozer/topadora,46-07178,PERI-1,"E, G, M"
MAI-2004-190,2004,2004-12-05,Domingo,Metal/NonMetal,Falla de highwall / Talud,NV,Trabajador minero,27,día,07:05 (OFICIAL Part50),Material desprendido,26-01916,NORM-2,"B, E, G, I, L, M"
MAI-2004-22,2004,2004-12-05,Domingo,Metal/NonMetal,Acarreo motorizado,NV,Mecánico,31,mañana,06:30,Bulldozer/topadora,26-01916,PERI-1,"E, G, M"
MAI-2004-24,2004,2004-12-06,Lunes,Metal/NonMetal,Caída de persona,PA,Operador,51,mañana,09:30,Cargador frontal,36-07715,PERI-1,"B, E, G, I, L, M"
MAI-2004-25,2004,2004-12-09,Jueves,Metal/NonMetal,Atrapamiento por maquinaria,TX,Minero,46,mañana,07:00,Hand tools (powered),41-00906,PERI-1,"E, G, K, L, M"
MAI-2004-27,2004,2004-12-13,Lunes,Metal/NonMetal,Caída de persona,TX,Obrero general,56,mañana,08:32,Cargador frontal,41-00046,NORM-1,"E, G, I, L, M"
CAI-2004-29,2004,2004-12-21,Martes,Coal,Atrapamiento por maquinaria,TN,Inspector,62,noche,23:00,Continuous miner,40-03231,PERI-1,"E, G, M"
CAI-2004-28,2004,2004-12-28,Martes,Coal,Atrapamiento por maquinaria,KY,Mecánico,64,tarde,15:30,Correa transportadora,15-16567,PERI-1,"B, G, I, K, L, M, N"
MAI-2005-01,2005,2005-01-25,Martes,Metal/NonMetal,Acarreo motorizado,MS,Operador,49,mañana,06:45,Correa transportadora,22-00313,NORM-1,"B, E, G, I, L, M"
MAI-2005-02,2005,2005-01-31,Lunes,Metal/NonMetal,Acarreo motorizado,KY,Mecánico,33,tarde,17:25,Cargador frontal,15-00062,PERI-1,"E, G, I, L, M"
CAI-2005-01,2005,2005-02-16,Miércoles,Coal,Caída de persona,AL,"Maintenance man, Mechanic,  Repair/Serviceman, Boilermaker, Fueler, Tire tech, F (OFICIAL Part50)",28,tarde,17:20,Grúa,01-00563,CONF-2,"B, E, G, I, L, M"
MAI-2005-03,2005,2005-03-11,Viernes,Metal/NonMetal,Inundación,KY,Obrero,23,tarde,20:30,Correa transportadora,15-17312,NORM-1,"E, G, M"
MAI-2005-05,2005,2005-03-14,Lunes,Metal/NonMetal,Atrapamiento por maquinaria,NJ,Operador,66,mañana,13:30,Grúa,28-00639,PERI-1,"E, G, K, L, M"
MAI-2005-04,2005,2005-03-23,Miércoles,Metal/NonMetal,Atrapamiento por maquinaria,SC,Obrero general,34,mañana,07:45,Continuous miner,38-00014,META-1,"E, G, K, L, M"
MAI-2005-06,2005,2005-03-28,Lunes,Metal/NonMetal,Electrocución / Contacto eléctrico,TX,Electricista,49,tarde,16:00,Correa transportadora,41-02810,PERI-1,"G, K, L"
CAI-2005-02,2005,2005-03-29,Martes,Coal,Acarreo motorizado,KY,Operador de scoop,21,mañana,08:10,Shuttle car,15-17651,META-1,"B, G"
CAI-2005-03,2005,2005-03-31,Jueves,Coal,Caída de techo,WV,Operador,28,tarde,17:45,Continuous miner,46-08835,PERI-1,"B, E, G, I, L, M"
MAI-2005-07,2005,2005-04-01,Viernes,Metal/NonMetal,Atrapamiento por maquinaria,VA,Mecánico,50,tarde,19:42,Correa transportadora,44-00082,PERI-1,"E, G, M"
MAI-2005-08,2005,2005-04-04,Lunes,Metal/NonMetal,Acarreo motorizado,WY,Mecánico,47,mañana,11:00,Continuous miner,48-00154,ATAJ-1,"B, E, G, I, L, M"
MAI-2005-09,2005,2005-04-04,Lunes,Metal/NonMetal,Acarreo motorizado,NE,Obrero general,47,mañana,08:00,Cargador frontal,25-01224,CONF-3,"E, G, I, L, M"
CAI-2005-04,2005,2005-04-21,Jueves,Coal,Acarreo motorizado,KY,Capataz,22,tarde,14:00,Cargador frontal,15-07010,NORM-1,"E, G, I, L, M"
MAI-2005-10,2005,2005-04-28,Jueves,Metal/NonMetal,Atrapamiento por maquinaria,MT,Electricista,52,tarde,21:00,Huinche/Winche,24-01490,PERI-1,"E, G, M"
CAI-2005-05,2005,2005-05-11,Miércoles,Coal,Acarreo motorizado,WV,Operador de scoop,47,mañana,13:30,Shuttle car,46-01436,PERI-1,"E, G, I, L, M"
MAI-2005-11,2005,2005-05-23,Lunes,Metal/NonMetal,Caída de persona,WI,Obrero general,57,mañana,06:30,Cargador frontal,47-02789,PERI-1,"E, G, I, L, M"
MAI-2005-12,2005,2005-05-23,Lunes,Metal/NonMetal,Electrocución / Contacto eléctrico,NV,Capataz,48,mañana,08:00,Huinche/Winche,26-02286,PERI-1,"E, G, K, L, M"
MAI-2005-17,2005,2005-05-26,Jueves,Metal/NonMetal,Atrapamiento por maquinaria,OH,Operador,66,tarde,16:00,"Pump, Slurry pump, Sump pump",33-01519,PERI-1,"E, G, K, L, M"
MAI-2005-13,2005,2005-05-31,Martes,Metal/NonMetal,Acarreo motorizado,KY,Conductor de camión,55,tarde,14:00,Cargador frontal,15-00006,NORM-1,"E, G, I, L, M"
CAI-2005-06,2005,2005-06-01,Miércoles,Coal,Acarreo motorizado,AL,Electricista,42,noche,23:10,Roof bolter,01-00759,PERI-1,"E, G, M"
CAI-2005-07,2005,2005-06-06,Lunes,Coal,Caída de techo,OK,Electricista,33,noche,23:05,Continuous miner,34-01787,PERI-1,"B, E, G, I, L, M"
CAI-2005-08,2005,2005-06-10,Viernes,Coal,Acarreo motorizado,OH,Operador,24,tarde,16:45,Continuous miner,33-04509,PERI-1,"B, G"
CAI-2005-09,2005,2005-06-10,Viernes,Coal,Caída de techo,PA,Operador,26,tarde,17:50,Continuous miner,36-08603,NORM-1,"B, E, G, I, L, M"
MAI-2005-14,2005,2005-06-17,Viernes,Metal/NonMetal,Atrapamiento por maquinaria,WA,Mecánico,32,mañana,07:00,Chancador,45-03014,PERI-1,
MAI-2005-90,2005,2005-06-27,Lunes,Metal/NonMetal,Atrapamiento por maquinaria,OR,Operador,70,mañana,06:30,Cargador frontal,35-03465,PERI-1,"E, G, M"
MAI-2005-15,2005,2005-06-29,Miércoles,Metal/NonMetal,Acarreo motorizado,MS,Operador,21,mañana,06:50,Cargador frontal,22-00548,NORM-1,"E, G, I, L, M"
CAI-2005-10,2005,2005-07-12,Martes,Coal,Caída de techo,AL,Operador,28,mañana,10:45,Continuous miner,01-03102,CONF-1,"B, E, G, I, L, M"
MAI-2005-18,2005,2005-07-21,Jueves,Metal/NonMetal,Acarreo motorizado,AZ,Operador,31,mañana,07:20,Correa transportadora,02-02880,PERI-1,"E, G, I, L, M"
MAI-2005-19,2005,2005-07-30,Sábado,Metal/NonMetal,Acarreo motorizado,NV,Operador,23,mañana,13:00,CAEX,26-01089,PERI-1,"E, G, I, L, M"
MAI-2005-20,2005,2005-08-01,Lunes,Metal/NonMetal,Acarreo motorizado,CO,Obrero general,30,mañana,08:30,Correa transportadora,05-04646,META-1,"G, K, L"
CAI-2005-11,2005,2005-08-03,Miércoles,Coal,Caída de techo,KY,Section foreman,39,noche,23:00,Continuous miner,15-17165,PERI-1,"B, E, G, I, L, M"
CAI-2005-SH-02,2005,2005-08-03,Miércoles,Coal,Caída de techo,KY,Operador de scoop,24,noche,23:00,Continuous miner,15-17165,PERI-1,"B, E, G, I, L, M"
CAI-2005-17,2005,2005-08-10,Miércoles,Coal,Caída de techo,AL,Operador,54,tarde,20:00,Continuous miner,01-02901,PERI-1,"B, E, G, I, L, M"
MAI-2005-21,2005,2005-08-13,Sábado,Metal/NonMetal,Acarreo motorizado,FL,Conductor de camión,56,día,05:10,Cargador frontal,08-00931,META-1,"E, G, I, L, M"
CAI-2005-90,2005,2005-08-18,Jueves,Coal,Atrapamiento por maquinaria,PA,Operador,50,mañana,12:00,Cargador frontal,36-08065,PERI-1,"E, G, M"
CAI-2005-14,2005,2005-08-19,Viernes,Coal,Acarreo motorizado,KY,Camionero (contratista),51,mañana,12:20,CAEX,15-10212,PERI-1,"B, E, G, I, L, M"
CAI-2005-BC-02,2005,2005-08-19,Viernes,Coal,Acarreo motorizado,KY,Camionero (contratista),56,mañana,12:20,CAEX,15-10212,PERI-1,"B, E, G, I, L, M"
MAI-2005-22,2005,2005-08-27,Sábado,Metal/NonMetal,Caída de persona,CO,Operador,26,día,05:45,Cargador frontal,05-03935,META-1,"E, G, I, L, M"
MAI-2005-23,2005,2005-09-09,Viernes,Metal/NonMetal,Acarreo motorizado,AZ,Operador,26,mañana,09:30,Cargador frontal,02-02332,NORM-1,"G, K, L"
MAI-2005-24,2005,2005-09-13,Martes,Metal/NonMetal,Acarreo motorizado,PA,Conductor de camión,64,mañana,06:30,Cargador frontal,36-03441,PERI-1,"B, E, G, I, L, M"
MAI-2005-25,2005,2005-09-15,Jueves,Metal/NonMetal,Caída de persona,TX,Capataz,35,mañana,08:00,Chancador,41-02781,PERI-1,"E, G, I, L, M"
MAI-2005-26,2005,2005-09-27,Martes,Metal/NonMetal,Atrapamiento por maquinaria,FL,Operador,60,mañana,08:45,Bulldozer/topadora,08-00768,PERI-1,"E, G, M"
MAI-2005-27,2005,2005-09-28,Miércoles,Metal/NonMetal,Acarreo motorizado,MO,Operador,39,tarde,18:30,Chancador,23-02232,META-1,"E, G, I, L, M"
MAI-2005-28,2005,2005-10-12,Miércoles,Metal/NonMetal,Caída de persona,OH,Operador,37,mañana,11:15,Correa transportadora,33-00015,META-1,"B, E, G, I, L, M"
MAI-2005-29,2005,2005-10-18,Martes,Metal/NonMetal,Acarreo motorizado,NM,Supervisor,36,mañana,12:45,Correa transportadora,29-00170,META-1,"E, G, I, L, M"
MAI-2005-30,2005,2005-10-22,Sábado,Metal/NonMetal,Caída de persona,NV,Operador,45,mañana,10:30,Huinche/Winche,26-01089,PERI-1,"E, G, I, L, M"
MAI-2005-31,2005,2005-10-28,Viernes,Metal/NonMetal,Acarreo motorizado,MN,Capataz,32,mañana,07:30,Correa transportadora,21-03129,PERI-1,"E, G, I, L, M"
CAI-2005-16,2005,2005-11-04,Viernes,Coal,Electrocución / Contacto eléctrico,KY,Electricista,43,tarde,16:30,Continuous miner,15-18506,NORM-1,"G, K, L"
MAI-2005-91,2005,2005-11-04,Viernes,Metal/NonMetal,Acarreo motorizado,AL,Obrero,17,mañana,08:30,Cargador frontal,01-03276,META-1,"E, G, I, L, M"
MAI-2005-33,2005,2005-11-06,Domingo,Metal/NonMetal,Atrapamiento por maquinaria,MI,Operador,28,mañana,11:45,Pala hidráulica,20-01012,META-1,"E, G, I, K, L, M"
CAI-2005-23,2005,2005-11-08,Martes,Coal,Acarreo motorizado,WV,Operador,N/D,noche,00:10,Continuous miner,46-09028,META-1,"E, G, I, L, M"
MAI-2005-34,2005,2005-11-18,Viernes,Metal/NonMetal,Atrapamiento por maquinaria,TN,Ingeniero,52,mañana,11:30,Correa transportadora,40-00029,NORM-3,"E, G, M"
MAI-2005-35,2005,2005-11-29,Martes,Metal/NonMetal,Explosivos y detonadores,NM,Capataz,42,mañana,09:30,Air compressor,29-00762,PERI-1,"E, G, K, L, M"
CAI-2005-18,2005,2005-12-06,Martes,Coal,Acarreo motorizado,PA,Conductor de camión,64,tarde,14:00,Cargador frontal,36-01977,PERI-1,"B, E, G, I, L, M"
CAI-2005-21,2005,2005-12-09,Viernes,Coal,Caída de persona,WY,Operador,49,tarde,15:45,Correa transportadora,48-01646,PERI-1,"E, G, I, L, M"
CAI-2005-19,2005,2005-12-12,Lunes,Coal,Caída de techo,PA,Operador,29,tarde,14:00,Continuous miner,36-08841,PERI-1,"B, E, G, I, L, M"
CAI-2005-20,2005,2005-12-15,Jueves,Coal,Caída de techo,WV,Operador de pernadora de techo,35,mañana,12:40,Continuous miner,46-09106,PERI-1,"B, E, G, I, L, M"
CAI-2005-22,2005,2005-12-30,Viernes,Coal,Acarreo motorizado,KY,Operador de shuttle car,29,mañana,07:00,Continuous miner,15-18360,PERI-1,"B, G, I, L, M"
CAI-2006-01,2006,2006-01-02,Lunes,Coal,Explosión,WV,Minero,18,día,06:26,Sellos de zona abandonada (2 North Mains),46-08791,COMP-2,"E, G, M"
CAI-2006-02,2006,2006-01-02,Lunes,Coal,Explosión,WV,Minero,51,día,06:26,Sellos de zona abandonada (2 North Mains),46-08791,COMP-2,"E, G, M"
CAI-2006-03,2006,2006-01-02,Lunes,Coal,Explosión,WV,Minero,24,día,06:26,Sellos de zona abandonada (2 North Mains),46-08791,COMP-2,"E, G, M"
CAI-2006-04,2006,2006-01-02,Lunes,Coal,Explosión,WV,Minero,40,día,06:26,Sellos de zona abandonada (2 North Mains),46-08791,COMP-2,"E, G, M"
CAI-2006-05,2006,2006-01-02,Lunes,Coal,Explosión,WV,Minero,64,día,06:26,Sellos de zona abandonada (2 North Mains),46-08791,COMP-2,"E, G, M"
CAI-2006-06,2006,2006-01-02,Lunes,Coal,Explosión,WV,Minero,50,día,06:26,Sellos de zona abandonada (2 North Mains),46-08791,COMP-2,"E, G, M"
CAI-2006-07,2006,2006-01-02,Lunes,Coal,Explosión,WV,Minero,21,día,06:26,Sellos de zona abandonada (2 North Mains),46-08791,COMP-2,"E, G, M"
CAI-2006-08,2006,2006-01-02,Lunes,Coal,Explosión,WV,Minero,50,día,06:26,Sellos de zona abandonada (2 North Mains),46-08791,COMP-2,"E, G, M"
CAI-2006-09,2006,2006-01-02,Lunes,Coal,Explosión,WV,Minero,53,día,06:26,Sellos de zona abandonada (2 North Mains),46-08791,COMP-2,"E, G, M"
CAI-2006-10,2006,2006-01-02,Lunes,Coal,Explosión,WV,Minero,23,día,06:26,Sellos de zona abandonada (2 North Mains),46-08791,COMP-2,"E, G, M"
CAI-2006-11,2006,2006-01-02,Lunes,Coal,Explosión,WV,Minero,37,día,06:26,Sellos de zona abandonada (2 North Mains),46-08791,COMP-2,"E, G, M"
CAI-2006-12,2006,2006-01-02,Lunes,Coal,Explosión,WV,Minero,35,día,06:26,Sellos de zona abandonada (2 North Mains),46-08791,COMP-2,"E, G, M"
MAI-2006-01,2006,2006-01-05,Jueves,Metal/NonMetal,Caída de persona,AZ,Mecánico,39,mañana,06:00,Cargador frontal,02-00988,META-1,"B, E, G, I, L, M"
CAI-2006-13,2006,2006-01-10,Martes,Coal,Caída de techo,KY,Operador,44,mañana,06:30,Continuous miner,15-18674,META-1,"B, E, G, I, L, M"
CAI-2006-14,2006,2006-01-19,Jueves,Coal,Explosión / Incendio,WV,Minero,33,tarde,17:14,Correa transportadora (incendio) + stoppings de ventilación,46-08801,COMP-2,"E, G, M"
CAI-2006-15,2006,2006-01-19,Jueves,Coal,Explosión / Incendio,WV,Minero,47,tarde,17:14,Correa transportadora (incendio) + stoppings de ventilación,46-08801,COMP-2,"E, G, M"
CAI-2006-17,2006,2006-01-23,Lunes,Coal,Acarreo motorizado,KY,Contratista,N/D,mañana,10:30,CAEX,15-17964,PERI-1,"B, E, G, I, L, M"
MAI-2006-90,2006,2006-01-27,Viernes,Metal/NonMetal,Falla de highwall / Talud,OR,Operador de equipo pesado,60,mañana,06:00,Bulldozer/topadora,35-03418,PERI-1,"E, G, K, L, M"
CAI-2006-16,2006,2006-01-29,Domingo,Coal,Caída de techo,UT,Operador,37,noche,01:45,Longwall shearer,42-02028,META-1,"E, G, I, L, M"
CAI-2006-18,2006,2006-02-01,Miércoles,Coal,Caída de techo,WV,Operador,46,mañana,12:40,Continuous miner,46-08305,PERI-1,"E, G, I, L, M"
CAI-2006-19,2006,2006-02-01,Miércoles,Coal,Explosión / Incendio,WV,Operador,58,mañana,11:30,Bulldozer/topadora,46-07938,PERI-1,"B, E, G, K, L, M"
MAI-2006-03,2006,2006-02-13,Lunes,Metal/NonMetal,Atrapamiento por maquinaria,PA,Supervisor,25,mañana,12:30,Cargador frontal,36-08977,PERI-1,"E, G, K, L, M"
CAI-2006-20,2006,2006-02-16,Jueves,Coal,Caída de techo,KY,Capataz,33,mañana,06:00,Continuous miner,15-02085,NORM-1,"B, E, G, I, L, M"
CAI-2006-21,2006,2006-02-17,Viernes,Coal,Acarreo motorizado,MD,Inspector,35,tarde,21:30,Continuous miner,18-00621,PERI-1,"E, G, I, L, M"
CAI-2006-24,2006,2006-03-29,Miércoles,Coal,Caída de techo,AL,Operador,23,mañana,11:25,Continuous miner,01-01247,PERI-1,"B, E, G, I, L, M"
MAI-2006-04,2006,2006-04-03,Lunes,Metal/NonMetal,Acarreo motorizado,TN,Electricista,50,mañana,08:30,Cargador frontal,40-00090,PERI-1,"E, G, M"
MAI-2006-05,2006,2006-04-04,Martes,Metal/NonMetal,Acarreo motorizado,MI,Obrero general,23,tarde,15:35,Correa transportadora,20-03096,META-1,"E, G, I, K, L, M, N"
CAI-2006-22,2006,2006-04-07,Viernes,Coal,Acarreo motorizado,WV,Operador,53,mañana,12:15,Continuous miner,46-08429,NORM-1,"B, E, G, I, L, M"
CAI-2006-23,2006,2006-04-07,Viernes,Coal,Acarreo motorizado,WV,Obrero general,48,tarde,14:15,Shuttle car,46-05978,CONF-1,"B, E, G, I, L, M"
MAI-2006-06,2006,2006-04-11,Martes,Metal/NonMetal,Acarreo motorizado,TX,Operador,22,tarde,14:10,Cargador frontal,41-03518,CONF-1,"E, G, I, L, M"
CAI-2006-25,2006,2006-04-20,Jueves,Coal,Caída de techo,KY,Operador,28,mañana,06:00,Continuous miner,15-18102,PERI-1,"B, E, G, I, L, M"
CAI-2006-26,2006,2006-04-21,Viernes,Coal,Atrapamiento por maquinaria,KY,Electricista certificado,45,noche,04:30,Correa transportadora,15-17234,PERI-1,"E, G, M"
MAI-2006-07,2006,2006-04-21,Viernes,Metal/NonMetal,Caída de persona,IN,Operador,35,mañana,08:55,Cargador frontal,12-01039,META-1,"E, G, I, L, M"
MAI-2006-08,2006,2006-04-22,Sábado,Metal/NonMetal,Acarreo motorizado,TN,Operador,53,día,05:00,Cargador frontal,40-00022,PERI-1,"E, G, I, L, M"
MAI-2006-09,2006,2006-05-03,Miércoles,Metal/NonMetal,Acarreo motorizado,UT,Obrero,19,mañana,06:45,Correa transportadora,42-00893,PERI-1,"E, G, I, L, M"
CAI-2006-38,2006,2006-05-04,Jueves,Coal,Electrocución / Contacto eléctrico,VA,Ingeniero,40,mañana,13:00,Continuous miner,44-04856,META-1,"E, G, K, L"
MAI-2006-10,2006,2006-05-19,Viernes,Metal/NonMetal,Electrocución / Contacto eléctrico,LA,Electricista,77,tarde,16:55,NO VALUE FOUND,16-00555,PERI-1,"G, K, L"
CAI-2006-27,2006,2006-05-20,Sábado,Coal,Explosión,KY,Operador,51,noche,01:00,Torch oxígeno-acetileno + sello con fuga de metano,15-18185,COMP-2,"E, G, M"
CAI-2006-28,2006,2006-05-20,Sábado,Coal,Explosión,KY,Minero,33,noche,01:00,Torch oxígeno-acetileno + sello con fuga de metano,15-18185,COMP-2,"E, G, M"
CAI-2006-29,2006,2006-05-20,Sábado,Coal,Explosión,KY,Minero,35,noche,01:00,Torch oxígeno-acetileno + sello con fuga de metano,15-18185,COMP-2,"E, G, M"
CAI-2006-30,2006,2006-05-20,Sábado,Coal,Explosión,KY,Minero,49,noche,01:00,Torch oxígeno-acetileno + sello con fuga de metano,15-18185,COMP-2,"E, G, M"
CAI-2006-31,2006,2006-05-20,Sábado,Coal,Explosión,KY,Minero,53,noche,01:00,Torch oxígeno-acetileno + sello con fuga de metano,15-18185,COMP-2,"E, G, M"
MAI-2006-12,2006,2006-05-22,Lunes,Metal/NonMetal,Caída de persona,CA,Ayudante,42,tarde,19:52,Huinche/Winche,04-00191,PERI-1,"B, E, G, I, L, M"
CAI-2006-32,2006,2006-05-23,Martes,Coal,Acarreo motorizado,KY,Conductor de camión,23,mañana,06:15,Bulldozer/topadora,15-18600,META-1,"E, G, I, L, M"
MAI-2006-11,2006,2006-05-23,Martes,Metal/NonMetal,Acarreo motorizado,KY,Operador,44,tarde,16:55,Correa transportadora,15-00075,PERI-1,"E, G, M"
CAI-2006-33,2006,2006-05-24,Miércoles,Coal,Acarreo motorizado,WV,Operador de scoop,34,tarde,14:15,Shuttle car,46-09060,PERI-1,"E, G, I, L, M"
MAI-2006-13,2006,2006-05-26,Viernes,Metal/NonMetal,Atrapamiento por maquinaria,FL,Inspector,58,mañana,11:50,Bulldozer/topadora,08-00835,COMP-2,"E, G, M"
MAI-2006-14,2006,2006-06-12,Lunes,Metal/NonMetal,Caída de persona,VA,Operador,39,mañana,07:00,Cargador frontal,44-00067,META-1,"G, K, L"
MAI-2006-15,2006,2006-06-21,Miércoles,Metal/NonMetal,Electrocución / Contacto eléctrico,WA,Contratista — Electricista,75,mañana,09:15,Pala hidráulica,45-03234,PERI-1,"G, K, L"
MAI-2006-16,2006,2006-06-28,Miércoles,Metal/NonMetal,Caída de persona,MI,Minero,49,mañana,12:55,NO VALUE FOUND,20-00422,PERI-1,"E, G, I, L, M"
CAI-2006-34,2006,2006-07-07,Viernes,Coal,Atrapamiento por maquinaria,KY,Operador,35,mañana,08:20,Bulldozer/topadora,15-02013,PERI-1,"E, G, K, L, M"
MAI-2006-17,2006,2006-07-15,Sábado,Metal/NonMetal,Acarreo motorizado,PR,Conductor de camión,61,mañana,07:00,CAEX,54-00081,CONF-1,"B, E, G, I, L, M"
CAI-2006-35,2006,2006-07-18,Martes,Coal,Falla de highwall / Talud,KY,Operador,28,mañana,09:45,Cargador frontal,15-18917,PERI-1,"B, E, G, I, L, M"
CAI-2006-36,2006,2006-07-20,Jueves,Coal,Atrapamiento por maquinaria,KY,Operador,39,tarde,19:30,Bulldozer/topadora,15-18915,PERI-1,"E, G, M"
MAI-2006-18,2006,2006-07-27,Jueves,Metal/NonMetal,Electrocución / Contacto eléctrico,MA,Obrero contratista,25,mañana,11:45,CAEX,19-00035,META-1,"G, K, L"
CAI-2006-90,2006,2006-07-30,Domingo,Coal,Acarreo motorizado,WV,Conductor de camión,30,mañana,13:30,CAEX,46-06736,PERI-1,"B, E, G, I, L, M"
MAI-2006-19,2006,2006-08-17,Jueves,Metal/NonMetal,Caída de persona,CA,Supervisor,37,tarde,19:20,Cargador frontal,04-00157,NORM-3,"B, E, G, I, L, M"
MAI-2006-20,2006,2006-08-29,Martes,Metal/NonMetal,Acarreo motorizado,PA,Supervisor,61,mañana,12:00,Cargador frontal,36-00233,PERI-1,"B, E, G, I, L, M"
MAI-2006-26,2006,2006-09-21,Jueves,Metal/NonMetal,Atrapamiento por maquinaria,AK,Capataz,59,tarde,16:00,Chancador,50-00345,PERI-1,"E, G, K, L, M"
MAI-2006-21,2006,2006-10-04,Miércoles,Metal/NonMetal,Atrapamiento por maquinaria,MN,Operador,59,mañana,10:00,Grúa,21-03557,PERI-1,"E, G, K, L, M"
CAI-2006-39,2006,2006-10-06,Viernes,Coal,Caída de techo,KY,Inspector,56,mañana,07:00,Roof bolter,15-18261,PERI-1,"E, G, I, L, M"
MAI-2006-22,2006,2006-10-10,Martes,Metal/NonMetal,Atrapamiento por maquinaria,MI,Operador,45,noche,04:50,Correa transportadora,20-02688,PERI-1,"E, G, K, L, M"
CAI-2006-40,2006,2006-10-12,Jueves,Coal,Caída de techo,AL,Supervisor,56,día,05:00,Continuous miner,01-01401,PERI-1,"B, E, G, I, L, M"
MAI-2006-23,2006,2006-10-12,Jueves,Metal/NonMetal,Electrocución / Contacto eléctrico,MN,pronounced dead at the scene by a St (Andrew D. Reed),24,noche,04:35,NO VALUE FOUND,21-03404,PERI-1,"E, G, K, L"
CAI-2006-41,2006,2006-10-20,Viernes,Coal,Caída de persona,WV,Operador de minador continuo,49,tarde,14:20,Continuous miner,46-08751,ATAJ-1,"B, E, G, I, L, M"
CAI-2006-42,2006,2006-10-23,Lunes,Coal,Explosión / Incendio,PA,Minero,43,mañana,10:00,Pala hidráulica,36-02053,META-1,"E, G, M"
CAI-2006-43,2006,2006-10-30,Lunes,Coal,Atrapamiento por maquinaria,WV,Capataz,31,mañana,07:05,Continuous miner,46-09020,PERI-1,"E, G, K, L, M"
CAI-2006-44,2006,2006-11-04,Sábado,Coal,Acarreo motorizado,KY,Capataz,44,día,05:00,Continuous miner,15-18721,ATAJ-1,"B, E, G, I, L, M"
CAI-2006-45,2006,2006-11-05,Domingo,Coal,Electrocución / Contacto eléctrico,AZ,Electricista,52,tarde,20:30,Cargador frontal,02-01195,CONF-1,"G, K, L"
MAI-2006-24,2006,2006-11-10,Viernes,Metal/NonMetal,Caída de persona,MN,Operador,41,mañana,08:00,Cargador frontal,21-00880,PERI-1,"E, G, I, L, M"
CAI-2006-46,2006,2006-11-28,Martes,Coal,Acarreo motorizado,MT,Conductor de camión,50,noche,01:05,Cargador frontal,24-01457,PERI-1,B
MAI-2006-25,2006,2006-12-15,Viernes,Metal/NonMetal,Caída de persona,AK,Operador,51,mañana,07:10,Cargador frontal,50-01545,PERI-1,"B, E, G, I, L, M"
CAI-2006-47,2006,2006-12-17,Domingo,Coal,Caída de techo,WV,Mecánico,26,tarde,19:30,Continuous miner,46-04387,CONF-1,"B, E, G, I, L, M"
MAI-2007-01,2007,2007-01-02,Martes,Metal/NonMetal,Electrocución / Contacto eléctrico,TX,Operador,37,mañana,13:40,"Milling machinery, Block press, Ballast machine",41-00320,PERI-1,"E, G, K, L"
CAI-2007-01,2007,2007-01-06,Sábado,Coal,Caída de costilla,CO,Utilitario,26,mañana,12:30,Roof bolter,05-04674,NORM-1,"E, G, I, L, M"
CAI-2007-02,2007,2007-01-13,Sábado,Coal,Caída de techo,WV,Capataz,48,mañana,10:40,Continuous miner,46-09066,PERI-1,"B, E, G, I, L, M"
CAI-2007-CU-02,2007,2007-01-13,Sábado,Coal,Caída de techo,WV,Minero,29,día,N/D,Techo de la mina,46-08808,NORM-2,"B, E, G, I, L, M"
MAI-2007-02,2007,2007-01-25,Jueves,Metal/NonMetal,Caída de persona,WA,Operador de pernadora de techo,43,noche,00:30,Correa transportadora,45-00366,PERI-1,"B, E, G, I, L, M"
MAI-2007-91,2007,2007-02-02,Viernes,Metal/NonMetal,Caída de persona,VA,Mecánico,38,mañana,11:00,Cargador frontal,44-00024,META-1,"G, K, L"
MAI-2007-03,2007,2007-02-19,Lunes,Metal/NonMetal,Acarreo motorizado,NC,Conductor de camión,50,mañana,09:30,Cargador frontal,31-00071,NORM-1,"B, E, G, I, L, M"
CAI-2007-04,2007,2007-03-12,Lunes,Coal,Atrapamiento por maquinaria,KY,Operador,47,tarde,16:00,Bulldozer/topadora,15-18940,PERI-1,"E, G, M"
MAI-2007-04,2007,2007-03-23,Viernes,Metal/NonMetal,Atrapamiento por maquinaria,OH,Ingeniero civil,44,mañana,07:00,CAEX,33-01354,META-1,"E, G, I, K, L, M"
MAI-2007-05,2007,2007-03-30,Viernes,Metal/NonMetal,Caída de persona,LA,Operador,34,tarde,14:00,Huinche/Winche,16-01406,PERI-1,"B, E, G, I, L, M"
MAI-2007-06,2007,2007-04-03,Martes,Metal/NonMetal,Acarreo motorizado,MO,Conductor de camión,N/D,mañana,09:45,CAEX,23-00499,META-1,"E, G, I, L, M"
CAI-2007-07,2007,2007-04-05,Jueves,Coal,Caída de persona,PA,Operador,27,mañana,13:00,Continuous miner,36-00958,PERI-1,"B, E, G, I, L, M"
MAI-2007-07,2007,2007-04-05,Jueves,Metal/NonMetal,Atrapamiento por maquinaria,TX,Ayudante,45,tarde,14:30,Cargador frontal,41-03518,PERI-1,"E, G, M"
CAI-2007-TS-01,2007,2007-04-17,Martes,Coal,Falla de highwall / Talud,MD,Operador de excavadora,51,día,06:20,Highwall colapsado sobre excavadora y bulldozer,18-00713,COMP-3,"E, G, M"
CAI-2007-TS-02,2007,2007-04-17,Martes,Coal,Falla de highwall / Talud,MD,Operador de bulldozer,38,día,06:20,Highwall colapsado sobre excavadora y bulldozer,18-00713,COMP-3,"E, G, M"
MAI-2007-08,2007,2007-04-18,Miércoles,Metal/NonMetal,Atrapamiento por maquinaria,MN,Mecánico,50,día,10:49,Perforadora,21-03403,PERI-1,"E, G, M"
MAI-2007-09,2007,2007-04-18,Miércoles,Metal/NonMetal,Caída de persona,AR,Contratista — Obrero general,52,mañana,08:00,Huinche/Winche,03-00257,NORM-1,"E, G, I, L, M"
MAI-2007-10,2007,2007-04-25,Miércoles,Metal/NonMetal,Acarreo motorizado,WV,Conductor de camión,65,tarde,14:40,Cargador frontal,46-00007,PERI-1,"B, E, G, I, L, M"
MAI-2007-11,2007,2007-06-08,Viernes,Metal/NonMetal,Atrapamiento por maquinaria,MN,Operador,49,mañana,08:00,Cargador frontal,21-02449,PERI-1,"E, G, M"
MAI-2007-12,2007,2007-06-12,Martes,Metal/NonMetal,Atrapamiento por maquinaria,CA,Operador,45,mañana,07:00,Bulldozer/topadora,04-00107,PERI-1,"E, G, M"
MAI-2007-34,2007,2007-06-13,Miércoles,Metal/NonMetal,Atrapamiento por maquinaria,MO,Welder (shop),N/D,N/D,15:30,FMC ATC-3130,23-00542,N/D,"E, G, K, L, M"
MAI-2007-14,2007,2007-06-19,Martes,Metal/NonMetal,Acarreo motorizado,NV,Minero,30,mañana,06:00,CAEX,26-02314,PERI-1,"E, G, I, L, M"
CAI-2007-08,2007,2007-07-02,Lunes,Coal,Acarreo motorizado,AL,Capataz,59,tarde,15:30,Cargador frontal,01-03117,COMP-2,"B, E, G, I, L, M"
CAI-2007-09,2007,2007-07-16,Lunes,Coal,Explosivos y detonadores,KY,Mecánico,40,tarde,16:35,Bulldozer/topadora,15-17659,NORM-1,"B, E, G, K, L, M"
MAI-2007-15,2007,2007-07-18,Miércoles,Metal/NonMetal,Acarreo motorizado,NE,Operador,42,mañana,12:30,Cargador frontal,25-00245,PERI-1,"B, E, G, I, L, M"
MAI-2007-16,2007,2007-07-19,Jueves,Metal/NonMetal,Caída de persona,AK,Ironworker (contratista),27,tarde,18:40,Elevador de personal,50-01850,ATAJ-1,"E, G, K, L, M"
MAI-2007-190,2007,2007-07-19,Jueves,Metal/NonMetal,Atrapamiento por maquinaria,AK,Ironworker (contratista),19,día,18:35 (OFICIAL Part50),Maquinaria de la operación,50-01850,NORM-2,"E, G, K, L, M"
MAI-2007-18,2007,2007-07-24,Martes,Metal/NonMetal,Acarreo motorizado,OR,Conductor de camión,57,mañana,12:30,Cargador frontal,35-00481,PERI-1,"B, E, G, I, L, M"
MAI-2007-19,2007,2007-07-29,Domingo,Metal/NonMetal,Caída de persona,TN,Contratista,29,tarde,19:30,NO VALUE FOUND,40-00170,PERI-1,"E, G, I, L, M"
CAI-2007-10,2007,2007-07-30,Lunes,Coal,Electrocución / Contacto eléctrico,AL,Contratista,27,tarde,14:30,N/D (exp. total=6a; exp. en puesto específico no disponible en informe),01-00758,COMP-2,"E, G, K, L"
MAI-2007-20,2007,2007-07-30,Lunes,Metal/NonMetal,Atrapamiento por maquinaria,MT,Mecánico,55,mañana,10:10,Cargador frontal,24-01467,META-1,"E, G, M"
CAI-2007-11,2007,2007-08-04,Sábado,Coal,Atrapamiento por maquinaria,WV,Capataz,25,tarde,15:30,Continuous miner,46-09018,META-1,"E, G, I, K, L, M, N"
CAI-2007-CC-01,2007,2007-08-06,Lunes,Coal,Caída de techo,UT,Minero,33,noche,02:48,Pilares y barreras de carbón (Main West),42-01715,COMP-3,"E, G, M"
CAI-2007-CC-02,2007,2007-08-06,Lunes,Coal,Caída de techo,UT,Minero,61,noche,02:48,Pilares y barreras de carbón (Main West),42-01715,COMP-3,"E, G, M"
CAI-2007-CC-03,2007,2007-08-06,Lunes,Coal,Caída de techo,UT,Minero,54,noche,02:48,Pilares y barreras de carbón (Main West),42-01715,COMP-3,"E, G, M"
CAI-2007-CC-04,2007,2007-08-06,Lunes,Coal,Caída de techo,UT,Minero,54,noche,02:48,Pilares y barreras de carbón (Main West),42-01715,COMP-3,"E, G, M"
CAI-2007-CC-05,2007,2007-08-06,Lunes,Coal,Caída de techo,UT,Minero,48,noche,02:48,Pilares y barreras de carbón (Main West),42-01715,COMP-3,"E, G, M"
CAI-2007-CC-06,2007,2007-08-06,Lunes,Coal,Caída de techo,UT,Minero,62,noche,02:48,Pilares y barreras de carbón (Main West),42-01715,COMP-3,"E, G, M"
CAI-2007-12,2007,2007-08-10,Viernes,Coal,Caída de persona,IN,Ingeniero,45,mañana,10:30,Huinche/Winche,12-02215,PERI-1,"B, E, G, I, L, M"
CAI-2007-GB-02,2007,2007-08-10,Viernes,Coal,Caída de persona,IN,Minero subterráneo,51,día,N/D,Sinking bucket con eslinga y grillete,12-02010,COMP-2,"E, G, I, L, M"
CAI-2007-GB-03,2007,2007-08-10,Viernes,Coal,Caída de persona,IN,Minero subterráneo,28,día,N/D,Sinking bucket con eslinga y grillete,12-02010,COMP-2,"E, G, I, L, M"
CAI-2007-34,2007,2007-08-13,Lunes,Coal,Caída de persona,AL,Supervisor,37,día,08:20,Continuous miner,01-00759,CONF-2,"E, G, I, L, M"
CAI-2007-CC-07,2007,2007-08-16,Jueves,Coal,Caída de techo,UT,Minero,33,tarde,02:48,Pilares y barreras de carbón (Main West),42-01715,COMP-3,"E, G, M"
CAI-2007-CC-08,2007,2007-08-16,Jueves,Coal,Caída de techo,UT,Minero,47,tarde,02:48,Pilares y barreras de carbón (Main West),42-01715,COMP-3,"E, G, M"
CAI-2007-CC-09,2007,2007-08-16,Jueves,Coal,Caída de techo,UT,Inspector,44,tarde,02:48,Pilares y barreras de carbón (Main West),42-01715,COMP-3,"E, G, M"
MAI-2007-21,2007,2007-08-28,Martes,Metal/NonMetal,Caída de persona,NV,Operador,36,tarde,21:30,"Rock or roof bolting machine, Pinning machine, Truss bolter",26-02233,PERI-1,"B, E, G, I, L, M"
MAI-2007-22,2007,2007-08-29,Miércoles,Metal/NonMetal,Caída de persona,OH,Operador,41,mañana,12:45,CAEX,33-04358,META-1,"E, G, I, L, M"
CAI-2007-18,2007,2007-09-03,Lunes,Coal,Caída de techo,WV,Operador,N/D,tarde,16:55,Continuous miner,46-08892,META-1,"B, E, G, I, L, M"
MAI-2007-23,2007,2007-09-07,Viernes,Metal/NonMetal,Atrapamiento por maquinaria,PR,Supervisor,54,mañana,08:00,Cargador frontal,54-00159,PERI-1,"E, G, M"
MAI-2007-33,2007,2007-09-14,Viernes,Metal/NonMetal,Electrocución / Contacto eléctrico,AZ,Capataz,46,mañana,12:00,Jeffrey,02-03131,PERI-1,"E, G, K, L"
CAI-2007-29,2007,2007-09-16,Domingo,Coal,Caída de persona,WV,Electricista,54,mañana,06:58,Continuous miner,46-09029,PERI-1,"B, E, G, I, L, M"
MAI-2007-24,2007,2007-09-19,Miércoles,Metal/NonMetal,Acarreo motorizado,WY,Mecánico,41,mañana,08:30,Huinche/Winche,48-00152,PERI-1,"B, E, G, I, L, M"
MAI-2007-25,2007,2007-09-20,Jueves,Metal/NonMetal,Acarreo motorizado,AK,Obrero general,49,mañana,10:00,Correa transportadora,50-01282,PERI-1,"B, E, G, I, L, M"
MAI-2007-26,2007,2007-10-01,Lunes,Metal/NonMetal,Caída de persona,NH,Operador,57,mañana,07:40,Correa transportadora,27-00070,META-1,"B, E, G, I, L, M"
MAI-2007-31,2007,2007-10-11,Jueves,Metal/NonMetal,Caída de persona,AZ,Conductor de camión,66,mañana,11:50,Cargador frontal,02-01049,NORM-1,"E, G, I, L, M"
CAI-2007-25,2007,2007-10-20,Sábado,Coal,Acarreo motorizado,WV,Operador,21,tarde,16:00,Continuous miner,46-08194,PERI-1,"B, E, G, I, L, M"
MAI-2007-27,2007,2007-10-22,Lunes,Metal/NonMetal,Acarreo motorizado,AR,Supervisor,22,mañana,13:30,Cargador frontal,03-00098,NORM-1,"B, E, G, I, L, M"
MAI-2007-30,2007,2007-10-24,Miércoles,Metal/NonMetal,Acarreo motorizado,IN,Operador,36,mañana,08:00,Cargador frontal,12-00023,PERI-1,"B, E, G, I, L, M"
MAI-2007-29,2007,2007-10-25,Jueves,Metal/NonMetal,Caída de persona,CA,Ayudante,19,mañana,13:15,CAEX,04-00011,META-1,"E, G, I, L, M"
CAI-2007-26,2007,2007-10-28,Domingo,Coal,Atrapamiento por maquinaria,WV,Operador,34,tarde,19:45,Roof bolter,46-08637,PERI-1,"B, E, G, M"
CAI-2007-33,2007,2007-11-04,Domingo,Coal,Caída de persona,WV,Contratista,42,mañana,07:35,Bulldozer/topadora,46-08685,PERI-1,"B, E, G, I, L, M"
CAI-2007-27,2007,2007-11-05,Lunes,Coal,Atrapamiento por maquinaria,TX,Capataz,45,mañana,11:00,Bulldozer/topadora,41-02840,NORM-1,"E, G, K, L, M"
CAI-2007-30,2007,2007-11-12,Lunes,Coal,Atrapamiento por maquinaria,NM,Capataz,50,tarde,16:39,Continuous miner,29-02170,PERI-1,"E, G, K, L, M"
CAI-2007-28,2007,2007-11-16,Viernes,Coal,Acarreo motorizado,OK,Conductor de camión,66,tarde,20:30,Bulldozer/topadora,34-01648,PERI-1,"E, G, I, L, M"
CAI-2007-32,2007,2007-12-04,Martes,Coal,Atrapamiento por maquinaria,WV,Inspector de turno,N/D,noche,02:49,Continuous miner,46-06051,CONF-1,"E, G, I, L, M"
CAI-2007-31,2007,2007-12-12,Miércoles,Coal,Acarreo motorizado,UT,Operador,31,día,05:50,Cargador frontal,42-02395,META-1,"E, G, I, L, M"
MAI-2007-32,2007,2007-12-14,Viernes,Metal/NonMetal,Caída de persona,CA,Contratista — Conductor de camión,43,día,05:10,Cargador frontal,04-00156,PERI-1,"B, E, G, I, L, M"
CAI-2008-01,2008,2008-01-08,Martes,Coal,Acarreo motorizado,KY,Operador,29,noche,00:45,CAEX,15-18769,PERI-1,"E, G, I, L, M"
CAI-2008-02,2008,2008-01-12,Sábado,Coal,Caída de persona,TX,Ingeniero,50,día,05:07,Bulldozer/topadora,41-02776,PERI-1,"B, E, G, I, L, M"
MAI-2008-01,2008,2008-01-21,Lunes,Metal/NonMetal,Caída de persona,CA,Contratista — Conductor de camión,58,mañana,13:30,CAEX,04-00011,NORM-3,"E, G, I, L, M"
MAI-2008-04,2008,2008-01-23,Miércoles,Metal/NonMetal,Caída de persona,KS,Conductor de camión,64,mañana,11:45,Dredge,14-01501,PERI-1,"E, G, I, L, M"
MAI-2008-02,2008,2008-01-25,Viernes,Metal/NonMetal,Caída de persona,MO,Minero,36,mañana,09:00,Correa transportadora,23-02371,META-1,"B, E, G, I, L, M"
MAI-2008-03,2008,2008-01-26,Sábado,Metal/NonMetal,Acarreo motorizado,NV,Conductor de camión,43,tarde,17:30,CAEX,26-02233,PERI-1,"B, E, G, I, L, M"
CAI-2008-03,2008,2008-02-01,Viernes,Coal,Atrapamiento por maquinaria,AL,Mecánico,34,mañana,10:00,Bulldozer/topadora,01-02996,COMP-2,"E, G, M"
CAI-2008-04,2008,2008-02-18,Lunes,Coal,Electrocución / Contacto eléctrico,PA,Operador,51,mañana,12:35,Grúa,36-08094,PERI-1,"E, G, K, L, M"
CAI-2008-31,2008,2008-02-25,Lunes,Coal,Acarreo motorizado,PA,Topógrafo,N/D,día,11:00,Equipo de acarreo / Haulage equipment (no especificado),36-08850,CONF-1,"B, E, G, I, L, M"
MAI-2008-05,2008,2008-02-25,Lunes,Metal/NonMetal,Atrapamiento por maquinaria,WI,Ingeniero civil,62,mañana,10:15,Cargador frontal,47-03001,PERI-1,"E, G, M"
MAI-2008-23,2008,2008-02-29,Viernes,Metal/NonMetal,Caída de persona,TX,Conductor de camión,58,mañana,06:45,Cargador frontal,41-03717,PERI-1,"B, E, G, I, L, M"
CAI-2008-27,2008,2008-03-09,Domingo,Coal,Acarreo motorizado,KY,Obrero general,18,mañana,06:30,Correa transportadora,15-14335,NORM-1,"E, G, M"
CAI-2008-06,2008,2008-03-12,Miércoles,Coal,Atrapamiento por maquinaria,WV,Propietario de la mina,47,mañana,12:10,Bulldozer/topadora,46-07968,PERI-1,"E, G, M"
CAI-2008-07,2008,2008-04-18,Viernes,Coal,Atrapamiento por maquinaria,PA,Inspector,43,mañana,13:30,Continuous miner,36-08847,NORM-1,B
MAI-2008-06,2008,2008-04-21,Lunes,Metal/NonMetal,Caída de persona,NV,Mecánico,28,mañana,13:00,Pala hidráulica,26-02233,PERI-1,"E, G, I, L, M"
CAI-2008-08,2008,2008-04-22,Martes,Coal,Caída de techo,VA,Operador,44,mañana,06:50,Continuous miner,44-07150,CONF-1,"B, E, G, I, L, M"
MAI-2008-07,2008,2008-04-24,Jueves,Metal/NonMetal,Acarreo motorizado,IA,Mecánico,48,mañana,08:00,Cargador frontal,13-02297,META-1,"E, G, I, L, M"
MAI-2008-08,2008,2008-05-03,Sábado,Metal/NonMetal,Atrapamiento por maquinaria,KY,Obrero general,51,tarde,15:15,CAEX,15-19227,META-1,"E, G, I, K, L, M"
CAI-2008-09,2008,2008-05-16,Viernes,Coal,Electrocución / Contacto eléctrico,WV,Capataz,24,tarde,20:45,Continuous miner,46-08801,PERI-1,"E, G, K, L"
CAI-2008-10,2008,2008-05-22,Jueves,Coal,Acarreo motorizado,AL,Capataz,64,mañana,13:00,Longwall shearer,01-00851,META-1,"B, E, G, M"
MAI-2008-09,2008,2008-05-22,Jueves,Metal/NonMetal,Electrocución / Contacto eléctrico,TX,Operador,46,mañana,07:00,Correa transportadora,41-04402,PERI-1,"E, G, K, L"
MAI-2008-10,2008,2008-05-27,Martes,Metal/NonMetal,Acarreo motorizado,CA,Conductor de camión,52,mañana,10:48,Cargador frontal,04-00726,PERI-1,"E, G, I, L, M"
CAI-2008-11,2008,2008-05-30,Viernes,Coal,Acarreo motorizado,WV,Ingeniero,18,tarde,14:37,Shuttle car,46-04168,META-1,"E, G, I, L, M"
MAI-2008-11,2008,2008-05-31,Sábado,Metal/NonMetal,Caída de persona,NY,Minero,40,mañana,10:00,Cargador frontal,30-01185,PERI-1,"E, G, I, L, M"
CAI-2008-12,2008,2008-06-03,Martes,Coal,Caída de techo,IN,Operador de pernadora de techo,25,mañana,07:30,Continuous miner,12-02215,PERI-1,"B, E, G, I, L, M"
CAI-2008-13,2008,2008-06-03,Martes,Coal,Atrapamiento por maquinaria,KY,Contratista,33,mañana,11:47,Cargador frontal,15-18946,PERI-1,"E, G, M"
CAI-2008-14,2008,2008-06-05,Jueves,Coal,Acarreo motorizado,WV,Operador,18,mañana,12:01,Continuous miner,46-01318,PERI-1,"B, E, G, I, L, M"
CAI-2008-15,2008,2008-06-16,Lunes,Coal,Caída de techo,PA,Operador,45,mañana,09:20,Continuous miner,36-07838,PERI-1,"B, E, G, I, L, M"
CAI-2008-16,2008,2008-07-11,Viernes,Coal,Explosión / Incendio,PA,Inspector,62,tarde,15:50,Continuous miner,36-08850,PERI-1,"E, G, K, L, M"
CAI-2008-17,2008,2008-07-17,Jueves,Coal,Acarreo motorizado,KY,Operador de scoop,22,tarde,16:30,Continuous miner,15-18924,PERI-1,"B, E, G, I, L, M"
CAI-2008-18,2008,2008-07-25,Viernes,Coal,Caída de techo,VA,Capataz,44,mañana,13:05,Continuous miner,44-04856,PERI-1,"B, E, G, I, L, M"
MAI-2008-12,2008,2008-08-06,Miércoles,Metal/NonMetal,Electrocución / Contacto eléctrico,NM,Supervisor,38,tarde,19:00,Continuous miner,29-00170,PERI-1,"E, G, K, L"
MAI-2008-13,2008,2008-08-15,Viernes,Metal/NonMetal,Electrocución / Contacto eléctrico,AZ,Electricista,41,mañana,10:00,Correa transportadora,02-00150,PERI-1,"G, K, L"
MAI-2008-14,2008,2008-08-18,Lunes,Metal/NonMetal,Atrapamiento por maquinaria,PA,Supervisor,28,mañana,08:00,Cargador frontal,36-00155,PERI-1,"E, G, K, L, M"
CAI-2008-19,2008,2008-08-22,Viernes,Coal,Acarreo motorizado,WV,Conductor,38,noche,23:00,Continuous miner,46-09020,CONF-1,"E, G, I, L, M"
MAI-2008-15,2008,2008-09-01,Lunes,Metal/NonMetal,Caída de persona,AZ,Minero,67,mañana,09:45,Correa transportadora,02-00024,PERI-1,"B, E, G, I, L, M"
CAI-2008-20,2008,2008-09-19,Viernes,Coal,Atrapamiento por maquinaria,KY,Capataz,53,noche,01:15,Bulldozer/topadora,15-18966,PERI-1,"E, G, M"
CAI-2008-22,2008,2008-09-19,Viernes,Coal,Atrapamiento por maquinaria,WV,Operador,61,tarde,15:20,Bulldozer/topadora,46-06870,PERI-1,"E, G, M"
MAI-2008-16,2008,2008-10-01,Miércoles,Metal/NonMetal,Acarreo motorizado,TX,Operador,37,tarde,18:00,Cargador frontal,41-04217,NORM-1,"E, G, I, L, M"
MAI-2008-17,2008,2008-10-07,Martes,Metal/NonMetal,Caída de persona,PA,Operador,56,mañana,08:05,Correa transportadora,36-04291,PERI-1,"B, E, G, I, L, M"
CAI-2008-21,2008,2008-10-08,Miércoles,Coal,Acarreo motorizado,WV,Operador,32,noche,23:02,Correa transportadora,46-07273,PERI-1,"G, I, L, M"
MAI-2008-18,2008,2008-10-09,Jueves,Metal/NonMetal,Atrapamiento por maquinaria,NV,Soldador,56,mañana,11:00,Cargador frontal,26-00500,PERI-1,"E, G, M"
MAI-2008-19,2008,2008-10-11,Sábado,Metal/NonMetal,Caída de persona,MO,Supervisor,67,mañana,11:00,Correa transportadora,23-00134,NORM-1,"E, G, I, L, M"
CAI-2008-23,2008,2008-10-16,Jueves,Coal,Atrapamiento por maquinaria,IL,Ingeniero,N/D,mañana,13:08,Continuous miner,11-03058,NORM-1,"E, G, K, L, M"
MAI-2008-20,2008,2008-10-17,Viernes,Metal/NonMetal,Caída de techo,GA,Operador,45,mañana,06:00,Cargador frontal,09-01038,PERI-1,"B, E, G, I, L, M"
CAI-2008-24,2008,2008-10-19,Domingo,Coal,Acarreo motorizado,WV,Supervisor,58,mañana,12:10,Continuous miner,46-01437,PERI-1,"B, E, G, I, L, M"
CAI-2008-25,2008,2008-10-22,Miércoles,Coal,Atrapamiento por maquinaria,KY,Mecánico,40,tarde,14:45,Bulldozer/topadora,15-19283,PERI-1,"E, G, M"
CAI-2008-26,2008,2008-10-28,Martes,Coal,Acarreo motorizado,WY,Capataz,48,tarde,17:11,Cargador frontal,48-00083,META-1,"E, G, I, L, M"
MAI-2008-21,2008,2008-10-29,Miércoles,Metal/NonMetal,Acarreo motorizado,UT,Conductor de camión,81,mañana,07:50,Grúa horquilla,42-01996,PERI-1,"B, E, G, I, L, M"
MAI-2008-22,2008,2008-11-17,Lunes,Metal/NonMetal,Acarreo motorizado,IA,Mecánico,67,tarde,15:30,Cargador frontal,13-02213,PERI-1,"E, G, M"
CAI-2008-29,2008,2008-12-07,Domingo,Coal,Inundación,KY,Inspector,44,mañana,11:30,Bulldozer/topadora,15-17746,NORM-1,"E, G, M"
CAI-2008-28,2008,2008-12-11,Jueves,Coal,Atrapamiento por maquinaria,KY,Contratista — Electricista,52,tarde,15:40,"Crane, Cherry picker, Lift basket, Scissor truck, Boom truck",15-14335,PERI-1,"E, G, K, L, M"
CAI-2008-30,2008,2008-12-29,Lunes,Coal,Caída de persona / Ahogamiento,WV,Capataz,57,tarde,21:30,Correa transportadora,46-01438,PERI-1,"E, G, M"
MAI-2009-01,2009,2009-01-06,Martes,Metal/NonMetal,Caída de persona,CA,Operador,41,mañana,13:30,Correa transportadora,04-05614,PERI-1,"E, G, I, L, M"
MAI-2009-02,2009,2009-01-17,Sábado,Metal/NonMetal,Caída de persona,KY,Operador,48,tarde,15:30,Correa transportadora,15-17075,PERI-1,"E, G, I, L, M"
MAI-2009-03,2009,2009-01-31,Sábado,Metal/NonMetal,Atrapamiento por maquinaria,TX,Supervisor,40,mañana,11:00,Hand tools (powered),41-00906,META-1,"E, G, K, L, M"
CAI-2009-01,2009,2009-02-06,Viernes,Coal,Acarreo motorizado,WV,Conductor,70,noche,04:00,Ore haulage trucks - off highway trucks,46-09054,CONF-1,"B, E, G, I, L, M"
CAI-2009-02,2009,2009-02-17,Martes,Coal,Electrocución / Contacto eléctrico,IL,Conductor de camión,27,mañana,12:10,Correa transportadora,11-03147,PERI-1,"E, G, K, L"
MAI-2009-05,2009,2009-02-19,Jueves,Metal/NonMetal,Atrapamiento por maquinaria,PR,Operador,61,tarde,14:00,CAEX,54-00374,PERI-1,"E, G, M"
CAI-2009-03,2009,2009-02-26,Jueves,Coal,Atrapamiento por maquinaria,KY,Instalador de puertas,72,tarde,14:08,Huinche/Winche,15-19205,CONF-1,"E, G, K, L, M"
CAI-2009-04,2009,2009-03-06,Viernes,Coal,Atrapamiento por maquinaria,LA,Supervisor,44,mañana,06:45,Cargador frontal,16-01031,META-1,"B, G"
MAI-2009-17,2009,2009-03-19,Jueves,Metal/NonMetal,Caída de persona,NM,Operador de scraper,52,mañana,10:00,Correa transportadora,29-01882,PERI-1,"E, G, M"
CAI-2009-05,2009,2009-04-02,Jueves,Coal,Acarreo motorizado,AL,Conductor de haul truck,29,mañana,07:41,Cargador frontal,01-03376,META-1,"E, G, I, L, M"
MAI-2009-04,2009,2009-04-07,Martes,Metal/NonMetal,Electrocución / Contacto eléctrico,IA,Supervisor,36,tarde,16:10,Cargador frontal,13-01202,PERI-1,"E, G, K, L"
MAI-2009-06,2009,2009-04-14,Martes,Metal/NonMetal,Caída de persona,MO,Obrero general,38,mañana,12:40,Chancador,23-00284,PERI-1,"G, I, L, M"
MAI-2009-07,2009,2009-04-21,Martes,Metal/NonMetal,Caída de persona,TN,Contratista,51,mañana,07:15,Pala hidráulica,40-00827,CONF-2,"E, G, I, L, M"
MAI-2009-08,2009,2009-05-01,Viernes,Metal/NonMetal,Atrapamiento por maquinaria,TX,Operador de draga,41,mañana (OFICIAL Part50),09:00 (OFICIAL Part50),Huinche/Winche,41-03347,PERI-1,"B, G, K, L, M"
MAI-2009-09,2009,2009-05-02,Sábado,Metal/NonMetal,Acarreo motorizado,GA,Operador,51,tarde,17:45,Cargador frontal,09-01192,CONF-1,"B, E, G, I, L, M"
CAI-2009-06,2009,2009-05-21,Jueves,Coal,Acarreo motorizado,KY,Operador,32,mañana,07:55,Cargador frontal,15-18955,CONF-3,"B, E, G, I, L, M"
MAI-2009-10,2009,2009-06-06,Sábado,Metal/NonMetal,Acarreo motorizado,NV,Operador,57,mañana,12:00,Cargador frontal,26-00062,PERI-1,"B, E, G, I, L, M"
CAI-2009-07,2009,2009-06-09,Martes,Coal,Atrapamiento por maquinaria,KY,Minero,47,tarde,19:15,Continuous miner,15-18182,PERI-1,"E, G, M"
MAI-2009-11,2009,2009-06-11,Jueves,Metal/NonMetal,Acarreo motorizado,MO,Mecánico,57,mañana,08:30,Huinche/Winche,23-00495,META-1,"B, E, G, I, L, M"
MAI-2009-12,2009,2009-06-20,Sábado,Metal/NonMetal,Caída de techo,LA,Capataz,52,mañana,11:00,Correa transportadora,16-00970,PERI-1,"B, E, G, I, L, M"
CAI-2009-08,2009,2009-06-23,Martes,Coal,Caída de techo,PA,Capataz,N/D,noche,23:00,Continuous miner,36-07230,CONF-1,"B, E, G, I, L, M"
MAI-2009-13,2009,2009-07-02,Jueves,Metal/NonMetal,Atrapamiento por maquinaria,PA,Contratista — Mecánico,52,mañana,09:00,"Dimension stone machinery, Gangwire saw, Guillotine, Hydrosplit",36-09316,PERI-1,"G, K, L"
CAI-2009-09,2009,2009-07-28,Martes,Coal,Acarreo motorizado,WV,Conductor,27,día,05:45,Cargador frontal,46-07178,NORM-1,"E, G, I, L, M"
CAI-2009-10,2009,2009-08-20,Jueves,Coal,Falla de highwall / Talud,VA,Capataz,43,mañana,06:18,Continuous miner,44-07087,META-1,"B, E, G, I, L, M"
CAI-2009-11,2009,2009-09-05,Sábado,Coal,Acarreo motorizado,AL,Mecánico,47,noche,01:50,Cargador frontal,01-03303,PERI-1,"E, G, I, L, M"
MAI-2009-15,2009,2009-09-15,Martes,Metal/NonMetal,Acarreo motorizado,AR,Conductor de camión,59,tarde,14:05,Cargador frontal,03-01970,NORM-1,"B, E, G, I, L, M"
CAI-2009-12,2009,2009-09-23,Miércoles,Coal,Electrocución / Contacto eléctrico,IL,Supervisor,28,tarde,21:00,Rope/cable metálico,11-03189,CONF-1,"E, G, K, L"
MAI-2009-16,2009,2009-09-27,Domingo,Metal/NonMetal,Acarreo motorizado,AZ,Conductor de camión,28,mañana,06:15,Correa transportadora,02-00150,PERI-1,"E, G, I, L, M"
CAI-2009-13,2009,2009-10-09,Viernes,Coal,Acarreo motorizado,TN,Contratista,48,mañana,08:30,CAEX,40-03328,ATAJ-1,"B, E, G, I, L, M"
MAI-2009-18,2009,2009-10-19,Lunes,Metal/NonMetal,Caída de persona,KY,Minero,58,mañana,06:00,Correa transportadora,15-18068,PERI-1,"E, G, I, L, M"
CAI-2009-14,2009,2009-10-27,Martes,Coal,Manejo de materiales,WV,Tendedor de vía,53,noche,23:30,Continuous miner,46-08759,PERI-1,"E, G, M"
CAI-2009-15,2009,2009-11-23,Lunes,Coal,Atrapamiento por maquinaria,KY,Minero,44,tarde,17:50,Grúa,15-19364,PERI-1,"E, G, M"
CAI-2009-16,2009,2009-11-23,Lunes,Coal,Explosión / Incendio,AL,Ingeniero,52,noche,22:30,Continuous miner,01-01401,PERI-1,"E, G, M"
CAI-2009-17,2009,2009-12-12,Sábado,Coal,Acarreo motorizado,KY,Conductor de camión,52,mañana,06:30,Cargador frontal,15-17360,PERI-1,"B, E, G, I, L, M"
CAI-2009-18,2009,2009-12-16,Miércoles,Coal,Caída de techo,KY,Capataz,N/D,tarde,20:40,Continuous miner,15-18782,NORM-1,"B, E, G, I, L, M"
CAI-2010-01,2010,2010-01-02,Sábado,Coal,Acarreo motorizado,MT,Mecánico,57,noche,23:35,"Trucks, Service truck, Utility truck, Pickup, Water truck, Fuel truck",24-01950,PERI-1,
MAI-2010-01,2010,2010-01-09,Sábado,Metal/NonMetal,Caída de persona,AZ,Obrero general,20,mañana,09:00,CAEX,02-00112,PERI-1,"B, E, G, I, L, M"
CAI-2010-02,2010,2010-01-22,Viernes,Coal,Caída de costilla,KY,Operador,29,mañana,09:15,Correa transportadora,15-19132,PERI-1,"B, E, G, I, L, M"
MAI-2010-02,2010,2010-01-26,Martes,Metal/NonMetal,Acarreo motorizado,CA,Agente de compras,59,mañana,11:17,Camión tandem carretera,04-00196,NORM-1,"E, G, I, L, M"
MAI-2010-04,2010,2010-03-24,Miércoles,Metal/NonMetal,Explosión,NY,Conductor de camión,63,tarde,18:00,Bin de almacenamiento / tolva,30-00663,NORM-2,"E, G, I, L, M"
CAI-2010-UBB-01,2010,2010-04-05,Lunes,Coal,Explosión,WV,Minero,52,tarde,15:02,Longwall shearer (bits y sprays) + polvo de carbón acumulado,46-08436,COMP-3,"E, G, M"
CAI-2010-UBB-02,2010,2010-04-05,Lunes,Coal,Explosión,WV,Minero,25,tarde,15:02,Longwall shearer (bits y sprays) + polvo de carbón acumulado,46-08436,COMP-3,"E, G, M"
CAI-2010-UBB-03,2010,2010-04-05,Lunes,Coal,Explosión,WV,Minero,33,tarde,15:02,Longwall shearer (bits y sprays) + polvo de carbón acumulado,46-08436,COMP-3,"E, G, M"
CAI-2010-UBB-04,2010,2010-04-05,Lunes,Coal,Explosión,WV,Electricista,47,tarde,15:02,Longwall shearer (bits y sprays) + polvo de carbón acumulado,46-08436,COMP-3,"E, G, M"
CAI-2010-UBB-05,2010,2010-04-05,Lunes,Coal,Explosión,WV,Operador de pernadora,53,tarde,15:02,Longwall shearer (bits y sprays) + polvo de carbón acumulado,46-08436,COMP-3,"E, G, M"
CAI-2010-UBB-06,2010,2010-04-05,Lunes,Coal,Explosión,WV,Minero,41,tarde,15:02,Longwall shearer (bits y sprays) + polvo de carbón acumulado,46-08436,COMP-3,"E, G, M"
CAI-2010-UBB-07,2010,2010-04-05,Lunes,Coal,Explosión,WV,Minero,51,tarde,15:02,Longwall shearer (bits y sprays) + polvo de carbón acumulado,46-08436,COMP-3,"E, G, M"
CAI-2010-UBB-08,2010,2010-04-05,Lunes,Coal,Explosión,WV,Minero,20,tarde,15:02,Longwall shearer (bits y sprays) + polvo de carbón acumulado,46-08436,COMP-3,"E, G, M"
CAI-2010-UBB-09,2010,2010-04-05,Lunes,Coal,Explosión,WV,Minero,56,tarde,15:02,Longwall shearer (bits y sprays) + polvo de carbón acumulado,46-08436,COMP-3,"E, G, M"
CAI-2010-UBB-10,2010,2010-04-05,Lunes,Coal,Explosión,WV,Minero,54,tarde,15:02,Longwall shearer (bits y sprays) + polvo de carbón acumulado,46-08436,COMP-3,"E, G, M"
CAI-2010-UBB-11,2010,2010-04-05,Lunes,Coal,Explosión,WV,Minero,40,tarde,15:02,Longwall shearer (bits y sprays) + polvo de carbón acumulado,46-08436,COMP-3,"E, G, M"
CAI-2010-UBB-12,2010,2010-04-05,Lunes,Coal,Explosión,WV,Minero,50,tarde,15:02,Longwall shearer (bits y sprays) + polvo de carbón acumulado,46-08436,COMP-3,"E, G, M"
CAI-2010-UBB-13,2010,2010-04-05,Lunes,Coal,Explosión,WV,Minero/Capataz,45,tarde,15:02,Longwall shearer (bits y sprays) + polvo de carbón acumulado,46-08436,COMP-3,"E, G, M"
CAI-2010-UBB-14,2010,2010-04-05,Lunes,Coal,Explosión,WV,Minero/Maestro,59,tarde,15:02,Longwall shearer (bits y sprays) + polvo de carbón acumulado,46-08436,COMP-3,"E, G, M"
CAI-2010-UBB-15,2010,2010-04-05,Lunes,Coal,Explosión,WV,Minero,57,tarde,15:02,Longwall shearer (bits y sprays) + polvo de carbón acumulado,46-08436,COMP-3,"E, G, M"
CAI-2010-UBB-16,2010,2010-04-05,Lunes,Coal,Explosión,WV,Minero,31,tarde,15:02,Longwall shearer (bits y sprays) + polvo de carbón acumulado,46-08436,COMP-3,"E, G, M"
CAI-2010-UBB-17,2010,2010-04-05,Lunes,Coal,Explosión,WV,Minero,26,tarde,15:02,Longwall shearer (bits y sprays) + polvo de carbón acumulado,46-08436,COMP-3,"E, G, M"
CAI-2010-UBB-18,2010,2010-04-05,Lunes,Coal,Explosión,WV,Minero,51,tarde,15:02,Longwall shearer (bits y sprays) + polvo de carbón acumulado,46-08436,COMP-3,"E, G, M"
CAI-2010-UBB-19,2010,2010-04-05,Lunes,Coal,Explosión,WV,Minero,21,tarde,15:02,Longwall shearer (bits y sprays) + polvo de carbón acumulado,46-08436,COMP-3,"E, G, M"
CAI-2010-UBB-20,2010,2010-04-05,Lunes,Coal,Explosión,WV,Minero,50,tarde,15:02,Longwall shearer (bits y sprays) + polvo de carbón acumulado,46-08436,COMP-3,"E, G, M"
CAI-2010-UBB-21,2010,2010-04-05,Lunes,Coal,Explosión,WV,Minero/Enfermero,25,tarde,15:02,Longwall shearer (bits y sprays) + polvo de carbón acumulado,46-08436,COMP-3,"E, G, M"
CAI-2010-UBB-22,2010,2010-04-05,Lunes,Coal,Explosión,WV,Minero,53,tarde,15:02,Longwall shearer (bits y sprays) + polvo de carbón acumulado,46-08436,COMP-3,"E, G, M"
CAI-2010-UBB-23,2010,2010-04-05,Lunes,Coal,Explosión,WV,Minero,32,tarde,15:02,Longwall shearer (bits y sprays) + polvo de carbón acumulado,46-08436,COMP-3,"E, G, M"
CAI-2010-UBB-24,2010,2010-04-05,Lunes,Coal,Explosión,WV,Minero/Veterano,55,tarde,15:02,Longwall shearer (bits y sprays) + polvo de carbón acumulado,46-08436,COMP-3,"E, G, M"
CAI-2010-UBB-25,2010,2010-04-05,Lunes,Coal,Explosión,WV,Minero,33,tarde,15:02,Longwall shearer (bits y sprays) + polvo de carbón acumulado,46-08436,COMP-3,"E, G, M"
CAI-2010-UBB-26,2010,2010-04-05,Lunes,Coal,Explosión,WV,Minero/Veterano,58,tarde,15:02,Longwall shearer (bits y sprays) + polvo de carbón acumulado,46-08436,COMP-3,"E, G, M"
CAI-2010-UBB-27,2010,2010-04-05,Lunes,Coal,Explosión,WV,Minero,57,tarde,15:02,Longwall shearer (bits y sprays) + polvo de carbón acumulado,46-08436,COMP-3,"E, G, M"
CAI-2010-UBB-28,2010,2010-04-05,Lunes,Coal,Explosión,WV,Minero/Veterano,61,tarde,15:02,Longwall shearer (bits y sprays) + polvo de carbón acumulado,46-08436,COMP-3,"E, G, M"
CAI-2010-UBB-29,2010,2010-04-05,Lunes,Coal,Explosión,WV,Minero,50,tarde,15:02,Longwall shearer (bits y sprays) + polvo de carbón acumulado,46-08436,COMP-3,"E, G, M"
CAI-2010-90,2010,2010-04-11,Domingo,Coal,Atrapamiento por maquinaria,IL,Ayudante,N/D,tarde,22:00,Máquina minera continua,11-03189,DISP-1,"G, I, L, M"
CAI-2010-91,2010,2010-04-22,Jueves,Coal,Atrapamiento por maquinaria,WV,Ayudante,N/D,tarde,22:00,Máquina minera continua,46-05252,DISP-1,"G, I, L, M"
CAI-2010-34,2010,2010-04-28,Miércoles,Coal,Caída de techo,KY,Ayudante,N/D,tarde,22:00,Máquina minera continua,15-02132,DISP-1,"B, E, G, I, L, M"
CAI-2010-35,2010,2010-04-28,Miércoles,Coal,Caída de techo,KY,Operador,N/D,tarde,22:00,Máquina minera continua,15-02132,DISP-1,"B, E, G, I, L, M"
MAI-2010-05,2010,2010-05-05,Miércoles,Metal/NonMetal,Acarreo motorizado,AL,Operador,21,día,11:00,Perforadora (drill rig),01-00004,NORM-2,"E, G, I, L, M"
CAI-2010-36,2010,2010-05-10,Lunes,Coal,Acarreo motorizado,WV,pinned between a piece of equipment and the mine rib,55,mañana,07:00,Continuous miner,46-08808,PERI-1,"B, E, G, M"
MAI-2010-90,2010,2010-05-14,Viernes,Metal/NonMetal,Explosión de recipiente a presión,TN,Trabajador minero,49,día,08:30 (OFICIAL Part50),Recipiente sometido a presión,40-00840,NORM-2,"E, G, M"
MAI-2010-07,2010,2010-05-24,Lunes,Metal/NonMetal,Atrapamiento por maquinaria,OK,Gerente de mantenimiento (Wilbur A. Farris),61,tarde,15:50,Molino de rodillos,34-00282,CONF-1,"E, G, K, L, M, N"
MAI-2010-08,2010,2010-05-26,Miércoles,Metal/NonMetal,Caída de costilla,UT,Minero,28,día,06:30 (OFICIAL Part50),Barreta de escalado,42-00470,PERI-1,"B, E, G, I, L, M"
MAI-2010-09,2010,2010-05-28,Viernes,Metal/NonMetal,Explosivos y detonadores,CA,Supervisor,62,tarde,20:00,Explosivos/ANFO,04-05222,CONF-1,"E, G, K, L, M"
CAI-2010-37,2010,2010-06-08,Martes,Coal,Explosión / Incendio,AL,Operador,38,tarde,21:25,Perforadora de alta pared,01-00347,NORM-2,"B, E, G, K, L, M"
MAI-2010-10,2010,2010-06-12,Sábado,Metal/NonMetal,Caída de persona,MN,Trabajador de acero (ironworker),46,día,14:20,Escalera de mano,21-00790,NORM-3,"E, G, I, L, M"
CAI-2010-38,2010,2010-06-16,Miércoles,Coal,Caída de costilla,KY,Capataz,42,tarde,15:43,Gato de soporte de techo,15-18647,NORM-1,"B, E, G, I, L, M"
MAI-2010-11,2010,2010-06-18,Viernes,Metal/NonMetal,Caída de techo,ID,Minero,29,mañana,08:09,Barreta de escalado / terreno,10-00082,CONF-2,"B, E, G, I, L, M"
MAI-2010-12,2010,2010-06-20,Domingo,Metal/NonMetal,Acarreo motorizado,AZ,Mecánico,52,día,10:10,Camión de acarreo (haul truck) 240 ton,02-00150,DISP-1,"B, G, I, L, M"
CAI-2010-39,2010,2010-06-24,Jueves,Coal,Atrapamiento por maquinaria,KY,Operador,29,día,13:15,Máquina minera continua,15-17497,PERI-1,"E, G, K, L, M"
CAI-2010-40,2010,2010-07-01,Jueves,Coal,Acarreo motorizado,WV,Electricista,60,día,08:37,Shuttle car,46-09154,COMP-3,"G, I, L, M"
CAI-2010-41,2010,2010-07-09,Viernes,Coal,Acarreo motorizado,IL,Supervisor,61,día,12:35,Ram car (coal hauler),11-03054,COMP-3,"E, G, I, L, M"
CAI-2010-92,2010,2010-07-29,Jueves,Coal,Falla de highwall / Talud,WV,Ayudante,N/D,tarde,22:00,Máquina minera continua,46-01433,DISP-1,"B, E, G, I, L, M"
MAI-2010-13,2010,2010-08-12,Jueves,Metal/NonMetal,Caída de material,NV,Líder de cuadrilla y técnico de mantenimiento,47,noche,01:15,Huinche/Winche,26-02246,META-1,"E, G, I, L, M"
MAI-2010-91,2010,2010-08-12,Jueves,Metal/NonMetal,Caída de costilla,NV,Trabajador minero,57,día,01:15 (OFICIAL Part50),Material desprendido,26-02246,NORM-2,"B, E, G, I, L, M"
MAI-2010-15,2010,2010-08-14,Sábado,Metal/NonMetal,Caída de persona / Ahogamiento,OK,Operador,23,mañana,09:00,Cargador frontal,34-00615,PERI-1,"E, G, M"
CAI-2010-43,2010,2010-08-31,Martes,Coal,Acarreo motorizado,IN,Conductor de camión,25,tarde,17:20,Camión articulado de acarreo,12-02316,PERI-2,"G, I, L, M"
CAI-2010-44,2010,2010-09-03,Viernes,Coal,Acarreo motorizado,AL,Conductor de camión,53,noche,01:30,CAEX,01-03398,CONF-1,"E, G, I, L, M"
MAI-2010-17,2010,2010-10-07,Jueves,Metal/NonMetal,Acarreo motorizado,KS,Operador,72,mañana,10:30,Bulldozer/topadora,14-01723,PERI-1,"B, E, G, I, L, M"
MAI-2010-16,2010,2010-10-10,Domingo,Metal/NonMetal,Electrocución / Contacto eléctrico,OK,Contratista — Electricista,42,mañana,07:00,Cargador frontal,34-01651,PERI-1,"G, K, L"
CAI-2010-45,2010,2010-10-11,Lunes,Coal,Caída de techo,WV,Operador,56,día,10:30,Perforadora de pernos de techo,46-08625,NORM-2,"E, G, I, L, M"
MAI-2010-18,2010,2010-10-16,Sábado,Metal/NonMetal,Acarreo motorizado,KS,Conductor de camión,52,mañana,07:30,Correa transportadora,14-01609,PERI-1,"G, K, L"
MAI-2010-19,2010,2010-10-20,Miércoles,Metal/NonMetal,Acarreo motorizado,GA,Operador,63,noche,22:00,Grúa horquilla,09-00114,PERI-1,"B, E, G, I, L, M"
CAI-2010-46,2010,2010-10-27,Miércoles,Coal,Acarreo motorizado,KY,Ayudante,39,día,07:50,Shuttle car,15-19374,COMP-3,"G, I, L, M"
MAI-2010-20,2010,2010-11-13,Sábado,Metal/NonMetal,Acarreo motorizado,TX,Contratista,42,mañana,08:15,Cargador frontal,41-04611,PERI-1,"E, G, M"
CAI-2010-47,2010,2010-11-23,Martes,Coal,Acarreo motorizado,KY,Operador,32,noche,00:15,Camión lubricador,15-19069,NORM-3,"E, G, I, L, M"
MAI-2010-21,2010,2010-11-30,Martes,Metal/NonMetal,Caída de persona,WA,Operador,33,mañana,13:45,Cargador frontal,45-03112,PERI-1,"G, K, L"
CAI-2010-48,2010,2010-12-04,Sábado,Coal,Acarreo motorizado,WV,Conductor de camión,32,tarde,16:58,Camión carbonero (coal haul truck),46-09054,NORM-3,"B, E, G, M"
MAI-2010-25,2010,2010-12-09,Jueves,Metal/NonMetal,Caída de persona,TX,Operador,61,mañana,08:00,CAEX,41-04827,NORM-1,"B, E, G, I, L, M"
MAI-2010-22,2010,2010-12-17,Viernes,Metal/NonMetal,Acarreo motorizado,MD,Conductor de camión,35,tarde,19:30,Correa transportadora,18-00008,PERI-1,"G, K, L"
MAI-2010-23,2010,2010-12-23,Jueves,Metal/NonMetal,Electrocución / Contacto eléctrico,FL,Supervisor,35,mañana,06:30,CAEX,08-01282,META-1,"G, I, K, L, M, N"
MAI-2010-24,2010,2010-12-29,Miércoles,Metal/NonMetal,Atrapamiento por maquinaria,TX,Obrero general,41,mañana,07:00,Cargador frontal,41-04848,PERI-1,"G, K, L"
CAI-2011-01,2011,2011-01-27,Jueves,Coal,Acarreo motorizado,WV,Obrero general,19,día,09:18,Correa transportadora,46-09243,DISP-1,"B, E, G, K, L, M"
CAI-2011-03,2011,2011-02-11,Viernes,Coal,Acarreo motorizado,AZ,Ingeniero,30,mañana,09:30,Bulldozer/topadora,02-01195,NORM-1,"B, E, G, I, L, M"
MAI-2011-01,2011,2011-02-12,Sábado,Metal/NonMetal,Atrapamiento por maquinaria,FL,Operador,41,mañana,06:45,CAEX,08-00903,NORM-3,"E, G, M"
MAI-2011-03,2011,2011-02-24,Jueves,Metal/NonMetal,Acarreo motorizado,UT,Operador,56,mañana,07:30,Correa transportadora,42-01247,PERI-1,"B, E, G, I, L, M"
MAI-2011-02,2011,2011-03-02,Miércoles,Metal/NonMetal,Caída de persona,NC,Operador,51,mañana,07:00,Pala hidráulica,31-00212,ATAJ-1,"E, G, I, L, M"
CAI-2011-04,2011,2011-03-25,Viernes,Coal,Atrapamiento por maquinaria,KY,Operador,54,día,08:10,Máquina minera continua,15-18575,PERI-1,"B, E, G, M"
MAI-2011-90,2011,2011-04-15,Viernes,Metal/NonMetal,Caída de techo,ID,Trabajador minero,34,día,17:35 (OFICIAL Part50),Equipo asociado a caída de techo,10-00088,NORM-2,"B, E, G, I, L, M"
MAI-2011-91,2011,2011-04-25,Lunes,Metal/NonMetal,Caída de techo,OH,Trabajador minero,58,día,01:30 (OFICIAL Part50),Equipo asociado a caída de techo,33-04547,NORM-2,"B, E, G, I, L, M"
CAI-2011-05,2011,2011-05-14,Sábado,Coal,Atrapamiento por maquinaria,WV,Mecánico,37,tarde,20:18,Correa transportadora,46-08939,NORM-1,"E, G, M"
MAI-2011-06,2011,2011-06-04,Sábado,Metal/NonMetal,Caída de persona,AK,Operador de trituradora,39,día (turno 12 h iniciado 06:00),19:49,Crusher building / Primary crusher dump floor,50-01616,CONF-1,"E, G, L, M"
CAI-2011-07,2011,2011-06-09,Jueves,Coal,Caída de persona,CO,Herrero (ironworker),53,día,10:22,Andamio / plataforma de trabajo en altura,05-03672,NORM-3,"E, G, I, L, M"
CAI-2011-08,2011,2011-06-27,Lunes,Coal,Caída de techo,WV,Líder de cuadrilla (crew leader),51,noche,01:00,Costilla de carbón (rib roll),46-08758,NORM-2,"B, E, G, I, L, M"
CAI-2011-09,2011,2011-06-29,Miércoles,Coal,Caída de costilla,KY,Asistente de cable de haulage continuo (dolly man,49,día,11:15,Sistema de acarreo continuo (dolly),15-19102,NORM-1,"B, E, G, I, L, M"
CAI-2011-10,2011,2011-07-11,Lunes,Coal,Acarreo motorizado,KY,Operador de locomotora,26,tarde,18:45,Locomotora diesel de vía,15-19193,NORM-3,"E, G, I, L, M"
CAI-2011-12,2011,2011-07-27,Miércoles,Coal,Electrocución / Contacto eléctrico,WV,Superintendente de construcción (construction superintendent,40,tarde,20:40,Soldadora / equipo eléctrico,46-03303,NORM-2,"E, G, K, L"
CAI-2011-13,2011,2011-08-08,Lunes,Coal,Atrapamiento por maquinaria,OH,Mecánico,41,día,10:50,Gato de base (base lift jack),33-01070,DISP-1,"B, E, G, I, L, M"
MAI-2011-07,2011,2011-08-09,Martes,Metal/NonMetal,Acarreo motorizado,MN,Operador,24,mañana,12:00,Correa transportadora,21-03739,PERI-1,"B, E, G, M"
CAI-2011-14,2011,2011-08-15,Lunes,Coal,Caída de techo,WV,Obrero general,46,día,05:50,Bloques de crib de madera (roof support),46-09029,NORM-2,"B, E, G, I, L, M"
CAI-2011-15,2011,2011-09-01,Jueves,Coal,Atrapamiento por maquinaria,WY,Ingeniero jefe,28,mañana,08:55,Pala hidráulica,48-01353,PERI-1,"E, G, K, L, M"
MAI-2011-92,2011,2011-09-07,Miércoles,Metal/NonMetal,Explosivos y detonadores,AK,Trabajador minero,62,día,06:50 (OFICIAL Part50),Equipo asociado a explosivos / tronadura,50-01544,NORM-2,"E, G, K, L, M"
MAI-2011-09,2011,2011-09-13,Martes,Metal/NonMetal,Electrocución / Contacto eléctrico,ID,Técnico de control de calidad,38,mañana,09:20,"Machine, NEC - Wheelbarrow, Well drilling Rig, Post hole auger",10-01658,PERI-1,"E, G, K, L"
MAI-2011-10,2011,2011-09-23,Viernes,Metal/NonMetal,Caída de persona,NY,Operador,32,mañana,08:00,Correa transportadora,30-01582,NORM-1,"B, E, G, I, L, M"
CAI-2011-16,2011,2011-10-07,Viernes,Coal,Caída de costilla,KY,Reparador (Repairman,23,noche,02:00,Bridge conveyor (mobile),15-18870,NORM-2,"B, E, G, I, L, M"
CAI-2011-17,2011,2011-10-17,Lunes,Coal,Acarreo motorizado,WV,Minero subterráneo de carbón,53,tarde,19:40,"Shovel, Power shovel, Backhoe, Trackhoe, Dragline - Big Muskie",46-01436,NORM-1,"E, G, I, L, M"
CAI-2011-18,2011,2011-10-28,Viernes,Coal,Falla de highwall / Talud,KY,Ayudante,47,mañana,06:15,"Trucks, Service truck, Utility truck, Pickup, Water truck, Fuel truck",15-19344,NORM-1,"B, E, G, I, L, M"
CAI-2011-19,2011,2011-10-28,Viernes,Coal,Falla de highwall / Talud,KY,Ayudante de volador,23,día,06:15,Highwall (talud de pit),15-19344,DISP-1,"B, E, G, I, L, M"
MAI-2011-11,2011,2011-10-28,Viernes,Metal/NonMetal,Manejo de materiales,NV,Supervisor,N/D,tarde,17:00,CAEX,26-00500,PERI-1,"E, G, M"
MAI-2011-93,2011,2011-10-31,Lunes,Metal/NonMetal,Acarreo motorizado,MT,Trabajador minero,53,día,14:20 (OFICIAL Part50),Equipo asociado a acarreo motorizado,24-01490,NORM-2,"E, G, I, L, M"
CAI-2011-21,2011,2011-11-02,Miércoles,Coal,Atrapamiento por maquinaria,KY,Mecánico,28,mañana,09:45,Bulldozer/topadora,15-17821,PERI-1,"E, G, M"
CAI-2011-20,2011,2011-11-07,Lunes,Coal,Acarreo motorizado,KY,Capataz,47,día,09:40,Personal carrier (vehículo de personal eléctrico),15-18984,COMP-2,"E, G, I, L, M"
MAI-2011-13,2011,2011-11-07,Lunes,Metal/NonMetal,Atrapamiento por maquinaria,IA,Operador,82,tarde,15:35,Correa transportadora,13-02166,PERI-1,"E, G, K, L, M"
MAI-2011-94,2011,2011-11-17,Jueves,Metal/NonMetal,Caída de persona,ID,Trabajador minero,30,día,22:55 (OFICIAL Part50),Equipo asociado a caída de persona,10-00088,NORM-2,"E, G, I, L, M"
CAI-2011-22,2011,2011-12-03,Sábado,Coal,Atrapamiento por maquinaria,OH,Operador,57,día,05:30,Cargador frontal,33-04336,ATAJ-1,"E, G, M"
CAI-2011-23,2011,2011-12-07,Miércoles,Coal,Falla de highwall / Talud,VA,Ingeniero,49,mañana,06:00,Bulldozer/topadora,44-07256,PERI-1,"E, G, M"
MAI-2011-15,2011,2011-12-08,Jueves,Metal/NonMetal,Acarreo motorizado,MN,Operador,41,mañana,08:00,Cargador frontal,21-00462,NORM-3,"E, G, I, L, M"
MAI-2011-95,2011,2011-12-15,Jueves,Metal/NonMetal,Atrapamiento por maquinaria,PA,Trabajador minero,33,día,12:45 (OFICIAL Part50),Equipo asociado a maquinaria,36-09824,NORM-2,"E, G, K, L, M"
CAI-2012-01,2012,2012-01-11,Miércoles,Coal,Explosión de recipiente a presión,VA,Operador de locomotora diesel,44,tarde,19:40,Sistema de agua a presión (válvula de bola),44-04856,NORM-2,"B, E, G, K, L, M"
MAI-2012-90,2012,2012-01-27,Viernes,Metal/NonMetal,Acarreo motorizado,MD,Trabajador minero,41,día,16:40 (OFICIAL Part50),Equipo asociado a acarreo motorizado,18-00019,NORM-2,"E, G, I, L, M"
MAI-2012-02,2012,2012-02-14,Martes,Metal/NonMetal,Caída de persona,AL,Operador,40,mañana,06:41,Bulldozer/topadora,01-03273,PERI-1,"B, G"
MAI-2012-03,2012,2012-02-22,Miércoles,Metal/NonMetal,Caída de persona,FL,Mecánico,46,tarde,16:30,CAEX,08-01058,PERI-1,
CAI-2012-02,2012,2012-02-26,Domingo,Coal,Caída de persona,KY,Marinero (Deckhand),52,noche,01:15,Barcaza de carbón,15-18639,NORM-3,"E, G, I, L, M"
CAI-2012-03,2012,2012-03-03,Sábado,Coal,Manejo de materiales,KY,Capataz,32,noche,01:30,Canopy de shuttle car,15-19051,NORM-2,"E, G, M"
CAI-2012-04,2012,2012-03-10,Sábado,Coal,Caída de costilla,WV,6 feet 7 inches long,34,tarde,18:15,Continuous miner,46-08932,PERI-1,"B, E, G, I, L, M"
CAI-2012-05,2012,2012-03-17,Sábado,Coal,Atrapamiento por maquinaria,OH,Capataz,59,mañana,06:30,Cargador frontal,33-04550,CONF-1,"E, G, K, L, M"
MAI-2012-91,2012,2012-03-20,Martes,Metal/NonMetal,Falla de highwall / Talud,MT,Trabajador minero,28,día,02:00 (OFICIAL Part50),Equipo asociado a falla de highwall / talud,24-01835,NORM-2,"B, E, G, I, L, M"
CAI-2012-06,2012,2012-03-23,Viernes,Coal,Electrocución / Contacto eléctrico,AL,Electricista,37,noche,22:00,Shuttle car (cable eléctrico interno 950V),01-02901,NORM-3,"E, G, K, L, M"
MAI-2012-05,2012,2012-04-11,Miércoles,Metal/NonMetal,Caída de persona,NC,Operador,48,tarde,14:30,CAEX,31-01990,ATAJ-1,"E, G, I, L, M"
CAI-2012-07,2012,2012-04-25,Miércoles,Coal,Caída de persona,KY,Obrero general,61,mañana,08:50,Correa transportadora,15-18747,PERI-1,"B, E, G, I, L, M"
CAI-2012-09,2012,2012-05-15,Martes,Coal,Caída de persona,IN,Obrero,51,noche,22:45,Plataforma suspendida / manguera de concreto,12-02388,COMP-1,"E, G, I, L, M"
MAI-2012-92,2012,2012-05-15,Martes,Metal/NonMetal,Acarreo motorizado,KY,Trabajador minero,33,día,14:40 (OFICIAL Part50),Equipo asociado a acarreo motorizado,15-18068,NORM-2,"E, G, I, L, M"
CAI-2012-08,2012,2012-05-17,Jueves,Coal,Caída de persona,WV,Mecánico,57,mañana,11:58,Huinche/Winche,46-03755,PERI-1,"B, E, G, I, L, M"
MAI-2012-07,2012,2012-05-23,Miércoles,Metal/NonMetal,Atrapamiento por maquinaria,OK,Capataz,36,mañana,11:40,CAEX,34-00460,PERI-1,"E, G, K, L, M"
MAI-2012-93,2012,2012-05-28,Lunes,Metal/NonMetal,Acarreo motorizado,NY,Trabajador minero,42,día,20:30 (OFICIAL Part50),Equipo asociado a acarreo motorizado,30-00585,NORM-2,"E, G, I, L, M"
MAI-2012-09,2012,2012-06-21,Jueves,Metal/NonMetal,Acarreo motorizado,NY,Conductor de camión,49,mañana,11:10,Correa transportadora,30-01279,META-1,"E, G, I, L, M"
CAI-2012-10,2012,2012-06-25,Lunes,Coal,Caída de costilla,KY,Capataz,33,día,11:30,Costilla de carbón (rib fall),15-18721,NORM-1,"B, E, G, I, L, M"
CAI-2012-11,2012,2012-07-14,Sábado,Coal,Acarreo motorizado,CO,Conductor de camión,52,mañana,07:00,"Trucks, Service truck, Utility truck, Pickup, Water truck, Fuel truck",05-02962,META-1,"E, G, I, L, M"
MAI-2012-10,2012,2012-07-26,Jueves,Metal/NonMetal,Electrocución / Contacto eléctrico,MN,Operador,49,tarde,16:30,Correa transportadora,21-02843,META-1,"E, G, K, L"
CAI-2012-12,2012,2012-07-27,Viernes,Coal,Atrapamiento por maquinaria,WV,Operador,35,noche,04:15,Máquina minera continua,46-09325,PERI-1,"B, E, G, M"
CAI-2012-13,2012,2012-07-31,Martes,Coal,Acarreo motorizado,WV,Operador,43,día,12:45,Scoop (pala de carbón) eléctrica,46-05252,DISP-1,"B, G"
MAI-2012-94,2012,2012-08-17,Viernes,Metal/NonMetal,Falla de highwall / Talud,FL,Trabajador minero,23,día,08:11 (OFICIAL Part50),Equipo asociado a caída de material,08-00051,NORM-2,"B, E, G, I, L, M"
MAI-2012-95,2012,2012-08-31,Viernes,Metal/NonMetal,Caída de persona,NV,Trabajador minero,57,día,13:30 (OFICIAL Part50),Equipo asociado a caída de persona,26-02661,NORM-2,"E, G, I, L, M"
CAI-2012-14,2012,2012-09-11,Martes,Coal,Acarreo motorizado,AL,Minero,28,día,10:23,Power center + forklifts articulados,01-02901,DISP-1,"G, I, L, M"
CAI-2012-15,2012,2012-09-13,Jueves,Coal,Caída de techo,WV,Obrero general,61,tarde,15:30,Continuous miner,46-01968,CONF-3,"B, E, G, I, L, M"
MAI-2012-13,2012,2012-09-22,Sábado,Metal/NonMetal,Caída de persona,AZ,Contratista — Obrero general,34,mañana,12:00,Correa transportadora,02-01049,META-1,"E, G, I, L, M"
CAI-2012-16,2012,2012-09-26,Miércoles,Coal,Caída de techo,TN,Operador,32,día,05:40 (OFICIAL Part50),Perforadora de pernos de techo,40-03365,NORM-2,"B, E, G, I, L, M"
MAI-2012-14,2012,2012-09-26,Miércoles,Metal/NonMetal,Atrapamiento por maquinaria,CA,Capataz,79,mañana,08:30,Bulldozer/topadora,04-03367,PERI-1,"E, G, M"
MAI-2012-96,2012,2012-10-24,Miércoles,Metal/NonMetal,Acarreo motorizado,NE,Trabajador minero,32,día,10:10 (OFICIAL Part50),Equipo asociado a acarreo motorizado,25-00998,NORM-2,"E, G, I, L, M"
MAI-2012-17,2012,2012-11-01,Jueves,Metal/NonMetal,Atrapamiento por maquinaria,NY,Minero,30,tarde,15:00,CAEX,30-00287,ATAJ-1,"E, G, K, L, M"
CAI-2012-17,2012,2012-11-17,Sábado,Coal,Atrapamiento por maquinaria,IL,Operador,30,noche,03:25,Máquina minera continua,11-03054,PERI-1,"E, G, K, L, M"
CAI-2012-18,2012,2012-11-30,Viernes,Coal,Acarreo motorizado,WV,Minero en entrenamiento,24,noche,02:00,Equipo de acarreo motorizado,46-09154,PERI-1,"E, G, I, L, M"
CAI-2012-19,2012,2012-11-30,Viernes,Coal,Caída de persona / Ahogamiento,WV,Minero de carbón,58,mañana,12:15,Continuous miner,46-01318,CONF-1,"E, G, M"
CAI-2012-20,2012,2012-12-14,Viernes,Coal,Caída de persona,AL,Conductor de camión,52,tarde,14:50,Cargador frontal,01-00347,CONF-1,"B, E, G, I, L, M"
MAI-2013-01,2013,2013-01-07,Lunes,Metal/NonMetal,Caída de persona,KY,Operador,49,mañana,09:00,Cargador frontal,15-00100,PERI-1,"B, E, G, I, L, M"
MAI-2013-02,2013,2013-01-21,Lunes,Metal/NonMetal,Atrapamiento por maquinaria,NV,Supervisor,54,mañana,08:30,Correa transportadora,26-00081,NORM-3,"G, K, L"
CAI-2013-01,2013,2013-01-26,Sábado,Coal,Atrapamiento por maquinaria,KY,Capataz,52,mañana,11:10,Bulldozer/topadora,15-19550,PERI-1,"E, G, M"
CAI-2013-02,2013,2013-02-06,Miércoles,Coal,Atrapamiento por maquinaria,WV,Ingeniero,34,tarde,16:00,Bulldozer/topadora,46-09226,PERI-1,"B, E, G, K, L, M, N"
CAI-2013-03,2013,2013-02-07,Jueves,Coal,Izaje (hoisting),WV,Inspector,53,tarde,21:20,Huinche/Winche,46-08878,NORM-1,"E, G, M"
CAI-2013-05,2013,2013-02-12,Martes,Coal,Caída de costilla,WV,Obrero general,51,tarde,21:35,Continuous miner,46-01433,PERI-1,"B, E, G, I, L, M"
CAI-2013-04,2013,2013-02-13,Miércoles,Coal,Atrapamiento por maquinaria,IL,Operador,28,tarde,20:35,Continuous miner,11-03205,CONF-1,"E, G, K, L, M"
CAI-2013-06,2013,2013-02-19,Martes,Coal,Acarreo motorizado,WV,Minero,32,tarde,19:17,LHD/Scoop,46-08878,CONF-3,"E, G, I, L, M"
CAI-2013-07,2013,2013-03-13,Miércoles,Coal,Caída de techo,WV,Operador de pernadora de techo,63,tarde,17:05,Roof bolter,46-09258,PERI-1,"B, E, G, M"
CAI-2013-08,2013,2013-03-22,Viernes,Coal,Caída de techo,UT,Operador de minador continuo,29,tarde,15:05,Continuous miner,42-02335,PERI-1,"B, E, G, I, L, M"
MAI-2013-03,2013,2013-03-27,Miércoles,Metal/NonMetal,Falla de highwall / Talud,MO,Operador,61,mañana,13:00,Correa transportadora,23-00220,PERI-1,"B, E, G, I, L, M"
MAI-2013-04,2013,2013-04-04,Jueves,Metal/NonMetal,Electrocución / Contacto eléctrico,AZ,Contratista — Capataz,30,mañana,06:30,CAEX,02-00137,PERI-1,"E, G, K, L"
MAI-2013-901,2013,2013-04-16,Martes,Metal/NonMetal,Caída de material,LA,Trabajador minero,58,día,23:45 (OFICIAL Part50),Equipo asociado a caída de material,16-00358,NORM-2,"B, E, G, I, L, M"
MAI-2013-06,2013,2013-04-27,Sábado,Metal/NonMetal,Acarreo motorizado,TX,Mecánico,58,mañana,06:45,Correa transportadora,41-04758,PERI-1,"G, K, L"
MAI-2013-902,2013,2013-05-17,Viernes,Metal/NonMetal,Acarreo motorizado,NM,Trabajador minero,21,día,01:30 (OFICIAL Part50),Equipo asociado a acarreo motorizado,29-01267,NORM-2,"E, G, I, L, M"
MAI-2013-903,2013,2013-06-02,Domingo,Metal/NonMetal,Acarreo motorizado,NV,Trabajador minero,53,día,20:30 (OFICIAL Part50),Equipo asociado a acarreo motorizado,26-02661,NORM-2,"E, G, I, L, M"
CAI-2013-09,2013,2013-06-06,Jueves,Coal,Acarreo motorizado,AL,Capataz,36,tarde,18:15,Conveyor belt (caída desde rampa),01-01401,NORM-2,"B, G"
MAI-2013-09,2013,2013-06-13,Jueves,Metal/NonMetal,Acarreo motorizado,CA,Mecánico,49,mañana,13:00,Bulldozer/topadora,04-01676,META-1,"B, E, G, I, L, M"
CAI-2013-10,2013,2013-07-02,Martes,Coal,Atrapamiento por maquinaria,IL,Operador,35,día,12:15,Coal hauler (batería),11-03156,NORM-3,"E, G, K, L, M"
CAI-2013-14,2013,2013-07-03,Miércoles,Coal,Atrapamiento por maquinaria,PA,Operador,87,día,16:30,Bobcat T300 + brush hog (talud de impoundment),36-00968,CONF-2,"E, G, K, L, M"
MAI-2013-23,2013,2013-07-10,Miércoles,Metal/NonMetal,Atrapamiento por maquinaria,TN,Operador,68,mañana,09:30,Cargador frontal,40-02271,PERI-1,"E, G, M"
CAI-2013-11,2013,2013-07-31,Miércoles,Coal,Atrapamiento por maquinaria,PA,Mecánico,28,mañana,07:00,Ore haulage trucks - off highway trucks,36-09654,META-1,"G, K, L"
MAI-2013-10,2013,2013-08-05,Lunes,Metal/NonMetal,Atrapamiento por maquinaria,NY,Operador,55,mañana,09:00,Correa transportadora,30-03570,NORM-1,"E, G, K, L, M"
CAI-2013-12,2013,2013-08-06,Martes,Coal,Caída de costilla,KY,Operador,52,día,11:55,"Continuous miner, Tunnel borer, Road header",15-17234,NORM-1,"B, E, G, I, L, M"
CAI-2013-13,2013,2013-08-16,Viernes,Coal,Atrapamiento por maquinaria,WY,Minero,24,noche,00:35,"Shovel, Power shovel, Backhoe, Trackhoe, Dragline - Big Muskie",48-00977,NORM-3,"G, K, L"
MAI-2013-11,2013,2013-09-16,Lunes,Metal/NonMetal,Acarreo motorizado,MO,Conductor de camión,58,mañana,09:15,CAEX,23-02004,PERI-1,"B, E, G, I, L, M"
MAI-2013-12,2013,2013-09-18,Miércoles,Metal/NonMetal,Caída de persona,KY,Operador,56,día,05:15,Correa transportadora,15-00091,META-1,"B, E, G, I, L, M"
MAI-2013-13,2013,2013-09-19,Jueves,Metal/NonMetal,Acarreo motorizado,PA,Operador,52,tarde,14:15,CAEX,36-09526,NORM-1,"B, E, G, I, L, M"
CAI-2013-15,2013,2013-10-04,Viernes,Coal,Atrapamiento por maquinaria,WV,Coordinador de Mantenimiento de Longwall,62,día,13:10 (OFICIAL Part50),Wire rope / snatch block (jalado de cadena LW),46-01437,NORM-2,
CAI-2013-16,2013,2013-10-05,Sábado,Coal,Acarreo motorizado,IL,Obrero,47,día,13:30 (OFICIAL Part50),"Personnel carrier (batería, fabricación propia)",11-03058,NORM-2,"B, E, G, M"
CAI-2013-17,2013,2013-10-06,Domingo,Coal,Atrapamiento por maquinaria,WY,Operador,44,noche,02:30,"Bulldozer, Dozer, Crawler tractor, Push cat",48-00677,CONF-1,"B, E, G, L, M"
CAI-2013-18,2013,2013-10-11,Viernes,Coal,Acarreo motorizado,IN,Hombre de utilidad (Utility Man),59,día,14:20,Shuttle car (sideboards alterados),12-02249,NORM-2,"B, G"
MAI-2013-904,2013,2013-10-17,Jueves,Metal/NonMetal,Caída de persona,CA,Trabajador minero,28,día,09:45 (OFICIAL Part50),Equipo asociado a caída de persona,04-00213,NORM-2,"E, G, I, L, M"
CAI-2013-19,2013,2013-11-04,Lunes,Coal,Caída de costilla,IL,Minero,52,tarde,14:00 (OFICIAL Part50),Material caído (rib/face/techo),11-03189,NORM-2,"B, E, G, I, L, M"
MAI-2013-98,2013,2013-11-07,Jueves,Metal/NonMetal,Acarreo motorizado,GA,"killed while operating a haul truck that
veered off the left side of a haul road",27,tarde,21:15,CAEX,09-00068,PERI-1,"E, G, I, L, M"
MAI-2013-905,2013,2013-11-17,Domingo,Metal/NonMetal,Explosivos y detonadores,CO,Trabajador minero,62,día,99:99 (OFICIAL Part50),Equipo asociado a explosivos / tronadura,05-03528,COMP-3,"E, G, K, L, M"
MAI-2013-906,2013,2013-11-17,Domingo,Metal/NonMetal,Explosivos y detonadores,CO,Trabajador minero,20,día,99:99 (OFICIAL Part50),Equipo asociado a explosivos / tronadura,05-03528,COMP-3,"E, G, K, L, M"
MAI-2013-18,2013,2013-11-18,Lunes,Metal/NonMetal,Electrocución / Contacto eléctrico,KY,Contratista — Capataz,33,mañana,12:00,Cargador frontal,15-18766,PERI-1,"E, G, K, L"
CAI-2013-20,2013,2013-11-23,Sábado,Coal,Atrapamiento por maquinaria,OH,Escudero de longwall,32,día,16:00,Longwall shield (pontoon) + manguera hidráulica de alta presión,33-01070,NORM-2,"E, G, K, L, M"
MAI-2013-100,2013,2013-12-04,Miércoles,Metal/NonMetal,Explosión,KS,"Outside foreman, Leadman (OFICIAL Part50)",68,tarde,14:45,NO VALUE FOUND,14-01666,PERI-1,"E, G, K, L, M"
MAI-2013-102,2013,2013-12-10,Martes,Metal/NonMetal,Caída de persona,KY,Capataz,N/D,noche,02:45,"Boats, Barges, Other water transportation",15-17687,PERI-1,"E, G, I, L, M"
MAI-2013-101,2013,2013-12-13,Viernes,Metal/NonMetal,Caída de persona,GA,"killed when the bank of a trench collapsed engulfing him in the falling
material",19,día,11:00,Pala hidráulica,09-00265,PERI-1,"E, G, I, L, M"
CAI-2014-14,2014,2014-01-16,Jueves,Coal,Acarreo motorizado,WV,Obrero,20,día,21:10 (OFICIAL Part50),Feeder y tailpiece de correa,46-09028,NORM-2,"E, G, I, L, M"
MAI-2014-01,2014,2014-02-01,Sábado,Metal/NonMetal,Acarreo motorizado,UT,Operador,56,mañana,07:00,Correa transportadora,42-01927,META-1,"G, K, L"
CAI-2014-02,2014,2014-02-21,Viernes,Coal,Atrapamiento por maquinaria,VA,Operador,N/D,tarde,15:35 (OFICIAL Part50),Continuous miner / Minador continuo,44-06748,ATAJ-1,"G, K, N"
MAI-2014-108,2014,2014-02-21,Viernes,Metal/NonMetal,Caída de persona,KY,Obrero contratista,34,día,09:30 (OFICIAL Part50),Ascensor del old finish mill (enclavamiento desgastado),15-04469,NORM-3,
MAI-2014-109,2014,2014-02-27,Jueves,Metal/NonMetal,Caída de persona,IA,Técnico de servicio contratista,27,noche,16:25 (OFICIAL Part50),Plataforma superior del scaler,13-00014,CONF-2,
MAI-2014-107,2014,2014-02-28,Viernes,Metal/NonMetal,Caída de costilla,NY,Supervisor,50,día,13:30 (OFICIAL Part50),Talud de botadero de reclamación (~80 pies),30-00865,NORM-1,"E, K, N"
CAI-2014-103,2014,2014-03-25,Martes,Coal,Atrapamiento por maquinaria,IN,Mecánico,41,noche,01:45,N/D (exp. total=23a; exp. en puesto específico no disponible en informe),12-02215,NORM-2,"E, G, K, L, M"
MAI-2014-90,2014,2014-03-27,Jueves,Metal/NonMetal,Caída de persona,VA,"Mine manager, Mine foreman, Mine owner (OFICIAL Part50)",32,día,08:40,Pala hidráulica,44-06068,NORM-1,"E, G, I, L, M"
MAI-2014-116,2014,2014-04-11,Viernes,Metal/NonMetal,Caída de costilla,MO,Operador de boom (utility/boom operator),29,día,08:45,Camión boom Hi-Ranger (aerial lift),23-00542,NORM-1,"B, G, I, L"
MAI-2014-116B,2014,2014-04-11,Viernes,Metal/NonMetal,Caída de costilla,MO,Desatador (scaler) — víctima 2 de accidente doble,53,mañana,08:45,Boom truck con canastillo,23-00542,N/D,"E, G, I, K, L"
MAI-2014-91,2014,2014-04-17,Jueves,Metal/NonMetal,Atrapamiento por maquinaria,KS,killed at this operation on April 17,45,tarde,15:45,CAEX,14-01708,NORM-1,"E, G, K, L, M"
CAI-2014-116,2014,2014-04-18,Viernes,Coal,Caída de persona / Ahogamiento,WV,Guardia de seguridad,N/D,día,05:30,N/A (caída de persona — sin equipo motorizado como agente causal),46-05382,META-1,"E, G, M"
MAI-2014-08,2014,2014-04-24,Jueves,Metal/NonMetal,Atrapamiento por maquinaria,LA,Operador,50,mañana,08:05,Bulldozer/topadora,16-00033,PERI-1,"E, G, M"
MAI-2014-10,2014,2014-04-28,Lunes,Metal/NonMetal,Atrapamiento por maquinaria,NV,Minero,N/D,mañana,12:50,"Rock drill, Jackleg, Airleg, Drifter, Stoper, Buzzy, Jackhammer",26-02314,NORM-3,"E, G, M"
MAI-2014-11,2014,2014-05-01,Jueves,Metal/NonMetal,Acarreo motorizado,NV,Minero,57,mañana,11:00,Bulldozer/topadora,26-02758,META-1,"E, G, I, L, M"
MAI-2014-12,2014,2014-05-09,Viernes,Metal/NonMetal,Acarreo motorizado,TX,Trabajador de carguío ferroviario y piso (Rail Load Out and Ground Worker),20,tarde,16:39,Correa transportadora,41-05004,ATAJ-1,"E, G, I, L, M"
CAI-2014-17,2014,2014-05-12,Lunes,Coal,Caída de techo,WV,Operador,48,tarde,20:15,Minadora continua + MRS + pilar No. 79,46-09086,COMP-3,"E, G, M"
CAI-2014-20,2014,2014-05-12,Lunes,Coal,Caída de techo,WV,Operador,46,tarde,20:15,Minadora continua + MRS + pilar No. 79,46-09086,COMP-3,"E, G, M"
CAI-2014-06,2014,2014-05-14,Miércoles,Coal,Atrapamiento por maquinaria,IL,Minero,52,tarde,14:15,Roof bolter,11-03189,CONF-3,"E, G, K, L, M"
MAI-2014-112,2014,2014-06-02,Lunes,Metal/NonMetal,Izaje (hoisting),ID,Reparador,36,día,13:30 (OFICIAL Part50),Skip + plataforma de trabajo + enmaderado del pique,10-00089,CONF-3,
CAI-2014-07,2014,2014-06-04,Miércoles,Coal,Atrapamiento por maquinaria,WY,Operador,25,día,05:35,"Crusher, Breaker, Mills (ball and rod), Feeder breaker",48-01353,ATAJ-1,"K, L, N"
MAI-2014-113,2014,2014-06-14,Sábado,Metal/NonMetal,Atrapamiento por maquinaria,UT,Obrero,N/D,tarde (OFICIAL Part50),14:00 (OFICIAL Part50),Maquinaria (no especificado — ver Mecanismo del accidente),42-02077,PERI-1,"E, G, K, L, M"
MAI-2014-115,2014,2014-06-17,Martes,Metal/NonMetal,Otro (asfixia/condición médica en tarea),TX,Conductor de camión cliente,N/D,mañana (OFICIAL Part50),09:06 (OFICIAL Part50),N/A (causa de muerte no asociada a equipo específico),41-03307,META-1,"E, G, M"
MAI-2014-95,2014,2014-06-18,Miércoles,Metal/NonMetal,Inundación,SC,Contratista — Mecánico,19,día,12:40,"Pump, Slurry pump, Sump pump",38-00122,PERI-1,"E, G, K, L, M"
CAI-2014-08,2014,2014-06-23,Lunes,Coal,Acarreo motorizado,MT,Operador,24,tarde,19:35,Cargador frontal,24-01457,CONF-3,"E, G, I, L, M"
MAI-2014-96,2014,2014-07-21,Lunes,Metal/NonMetal,Electrocución / Contacto eléctrico,SC,"killed when an aluminum boat he was riding in became
stuck in shallow water on t",61,tarde,15:30,"Boats, Barges, Other water transportation",38-00136,PERI-1,"E, G, K, L"
MAI-2014-110,2014,2014-07-23,Miércoles,Metal/NonMetal,Acarreo motorizado,FL,Conductor de camión contratista,N/D,día,08:50,Cargador frontal en retroceso + camión de acarreo,08-01287,NORM-2,
MAI-2014-97,2014,2014-08-02,Sábado,Metal/NonMetal,Caída de persona,MT,killed at this operation on August 2,25,día,11:00,CAEX,24-00420,PERI-1,"B, E, G, I, L, M"
CAI-2014-22,2014,2014-08-20,Miércoles,Coal,Electrocución / Contacto eléctrico,VA,Supervisor,41,día,10:25,Perforadora de pernos 600 VAC (explosion proof enclosure),44-04856,NORM-2,"E, G, K, L, M"
MAI-2014-98,2014,2014-08-25,Lunes,Metal/NonMetal,Caída de persona,NY,Conductor de camión,35,tarde,15:15,NO VALUE FOUND,30-00007,PERI-1,"E, G, I, L, M"
CAI-2014-10,2014,2014-09-15,Lunes,Coal,Atrapamiento por maquinaria,AL,Operador de bulldozer,53,mañana,12:40,"Bulldozer, Dozer, Crawler tractor, Push cat",01-01362,CONF-1,"B, E, G, L, M"
CAI-2014-117,2014,2014-09-16,Martes,Coal,Atrapamiento por maquinaria,UT,Operador de equipo móvil (mobile equipment operator,19,noche,01:30,Wagner ST-2DS can-setter,42-02233,NORM-2,"B, L"
MAI-2014-111,2014,2014-09-26,Viernes,Metal/NonMetal,Acarreo motorizado,TX,Mecánico,N/D,día,07:08,Grúa horquilla (solenoide direccional),41-02478,ATAJ-1,"K, L, N"
CAI-2014-12,2014,2014-10-07,Martes,Coal,Caída de techo,KY,Utility worker (OFICIAL fatalgram),31,tarde,16:40,Superior Highwall Miner (S/N 61) — entrada sin fortificar,33-04642,NORM-3,L
MAI-2014-117,2014,2014-10-10,Viernes,Metal/NonMetal,Caída de persona,PA,Conductor de camión,N/D,día,11:18 (OFICIAL Part50),G4 SafeRack loading system,36-00185,ATAJ-1,"K, L, N"
CAI-2014-13,2014,2014-10-18,Sábado,Coal,Acarreo motorizado,WY,Conductor de camión,51,noche,22:05,Ore haulage trucks - off highway trucks,48-01353,NORM-1,"B, G, I, L"
MAI-2014-25,2014,2014-11-07,Viernes,Metal/NonMetal,Atrapamiento por maquinaria,VA,Operador,45,tarde,16:00,CAEX,44-02991,META-1,"G, K, L"
CAI-2014-114,2014,2014-11-10,Lunes,Coal,Caída de techo,WV,"Jefe de sección (víctima: Raymond Scott Savage, 49)",49,noche,21:35,Techo / material del techo (caída de roca),46-05589,META-1,"E, G, I, L, M"
MAI-2014-102,2014,2014-11-10,Lunes,Metal/NonMetal,Atrapamiento por maquinaria,VA,Operador,45,día,08:00,Correa transportadora,44-02991,PERI-1,"G, K, L"
MAI-2014-28,2014,2014-11-17,Lunes,Metal/NonMetal,Caída de persona,IN,Conductor de camión,63,mañana,09:30,Cargador frontal,12-00716,PERI-1,"B, E, G, I, L, M"
MAI-2014-106,2014,2014-11-18,Martes,Metal/NonMetal,Falla de highwall / Talud,TX,Superintendente,44,día,12:15 (OFICIAL Part50),Izaje de puerta de tanque digestor,41-00320,NORM-1,"B, G, I, L"
MAI-2014-99,2014,2014-11-25,Martes,Metal/NonMetal,Acarreo motorizado,PA,killed while operating a haul truck,58,día,13:45,Cargador frontal,36-08183,NORM-1,"E, G, I, L, M"
MAI-2014-104,2014,2014-11-26,Miércoles,Metal/NonMetal,Caída de persona,IL,Minero,22,día,11:09,Huinche/Winche,11-01013,PERI-1,"B, G, K, L, M, N"
MAI-2014-100,2014,2014-12-01,Lunes,Metal/NonMetal,Acarreo motorizado,OH,killed while operating an articulated haul truck,20,día,10:30,CAEX,33-04511,PERI-1,"B, E, G, I, L, M"
CAI-2014-16,2014,2014-12-16,Martes,Coal,Acarreo motorizado,KY,Reparador,34,día,10:55 (OFICIAL Part50),Ram car,15-02709,NORM-2,"E, G, I, L, M"
MAI-2014-24,2014,2014-12-29,Lunes,Metal/NonMetal,Atrapamiento por maquinaria,TX,Ensacador de bodega (Warehouse Bagger),21,tarde,15:00,Cargador frontal,41-03374,PERI-1,"E, G, K, L, M"
MAI-2015-01,2015,2015-01-08,Jueves,Metal/NonMetal,Atrapamiento por maquinaria,CA,"Clerk, Timekeeper, Office worker, Director of sales",63,tarde,14:00,"Screen, Vibrator, Shaker, Rock screener, Scalper",04-05459,NORM-3,"B, G, K, L"
MAI-2015-02,2015,2015-01-11,Domingo,Metal/NonMetal,Izaje (hoisting),NV,Contratista,N/D,tarde (OFICIAL Part50),12:16 (OFICIAL Part50),N/D (exp. total=20a; exp. en puesto específico no disponible en informe),26-02512,PERI-1,"E, G, M"
MAI-2015-03,2015,2015-01-21,Miércoles,Metal/NonMetal,Caída de techo,MO,Operador,53,noche,22:15,Scaler mecánico Getman,23-00409,DISP-1,"B, G, K, M"
MAI-2015-90,2015,2015-01-26,Lunes,Metal/NonMetal,Atrapamiento por maquinaria,FL,Operador,35,día,10:26,Pala hidráulica,08-00798,PERI-1,"E, G, M"
CAI-2015-01,2015,2015-01-28,Miércoles,Coal,Atrapamiento por maquinaria,PA,Operador,43,tarde,18:45,Máquina minera continua,36-09939,PERI-1,"G, I, L, M"
CAI-2015-02,2015,2015-02-20,Viernes,Coal,Caída de techo,PA,Ayudante,34,tarde,14:05,Roof bolter,36-09407,DISP-1,"B, E, G, I, L, M"
CAI-2015-03,2015,2015-03-08,Domingo,Coal,Caída de techo,WV,Minero,32,día,21:00 (OFICIAL Part50),Cara de longwall (longwall face),46-01437,NORM-1,"B, E, G, I, L, M"
CAI-2015-04,2015,2015-03-16,Lunes,Coal,Caída de costilla,VA,Capataz de sección,34,día,05:00,Costilla de carbón (rib fall con slickensides),44-07223,NORM-2,"B, E, G, I, L, M"
CAI-2015-07,2015,2015-03-17,Martes,Coal,Acarreo motorizado,WV,Mecánico de mantenimiento,52,noche,03:05,"Trucks, Service truck, Utility truck, Pickup, Water truck, Fuel truck",46-09054,META-2,"G, I"
MAI-2015-05,2015,2015-03-17,Martes,Metal/NonMetal,Acarreo motorizado,NE,Conductor de camión,N/D,tarde,15:55,CAEX,25-00888,CONF-3,"E, G, I, L, M"
MAI-2015-06,2015,2015-03-23,Lunes,Metal/NonMetal,Atrapamiento por maquinaria,PA,Superintendente,20,tarde,14:30,"Dimension stone machinery, Gangwire saw, Guillotine, Hydrosplit",36-10136,PERI-1,"E, G, M"
MAI-2015-11,2015,2015-05-18,Lunes,Metal/NonMetal,Caída de persona,MO,Conductor de camión,32,noche (OFICIAL Part50),20:15 (OFICIAL Part50),N/A (caída de persona — sin equipo motorizado como agente causal),23-00134,PERI-1,"B, E, G, I, L, M"
CAI-2015-05,2015,2015-05-28,Jueves,Coal,Acarreo motorizado,KY,Inspector,45,mañana,11:55,Motoniveladora,15-19722,META-1,"E, G, I, L, M"
MAI-2015-07,2015,2015-05-28,Jueves,Metal/NonMetal,Acarreo motorizado,NV,Conductor de camión,N/D,día,09:30,"Trucks, Service truck, Utility truck, Pickup, Water truck, Fuel truck",26-01962,PERI-1,"E, G, I, L, M"
CAI-2015-06,2015,2015-05-31,Domingo,Coal,Acarreo motorizado,IL,Operador,38,tarde,20:05,Diesel mantrip (sistema de frenos defectuoso),11-02408,DISP-1,"E, G, I, L, M"
MAI-2015-94,2015,2015-06-12,Viernes,Metal/NonMetal,Caída de material,NH,Mecánico de mantenimiento,66,día,07:30,CAEX,27-00222,PERI-1,"E, G, M"
CAI-2015-08,2015,2015-06-27,Sábado,Coal,Manejo de materiales,PA,Operador de scoop,55,noche,23:30,Puerta de esclusa de aire (ventilation door),36-09326,NORM-2,"E, G, M"
MAI-2015-95,2015,2015-06-30,Martes,Metal/NonMetal,Caída de costilla,MA,Operador,19,día,11:00,Cargador frontal,19-01128,PERI-1,"B, E, G, I, L, M"
MAI-2015-12,2015,2015-07-10,Viernes,Metal/NonMetal,Atrapamiento por maquinaria,OH,Inspector,26,día,13:30,Dredge,33-04460,NORM-1,"E, G, M"
MAI-2015-10,2015,2015-07-15,Miércoles,Metal/NonMetal,Inundación,GA,"Travis A. Barnes, trabajador",25,tarde (OFICIAL Part50),12:05 (OFICIAL Part50),N/D (exp. total=6a; exp. en puesto específico no disponible en informe),09-00337,DISP-1,"B, G"
MAI-2015-97,2015,2015-08-03,Lunes,Metal/NonMetal,Caída de persona,ND,Operador,64,tarde (OFICIAL Part50),14:30 (OFICIAL Part50),Cargador frontal,32-00909,CONF-2,"E, G, I, L, M"
MAI-2015-98,2015,2015-08-03,Lunes,Metal/NonMetal,Caída de persona,VA,Operador de planta TEMPORAL/DE TEMPORADA (víctima de 18 AÑOS),N/D,mañana (OFICIAL Part50),06:40 (OFICIAL Part50),Correa transportadora,44-02964,NORM-1,"B, E, G, I, L, M"
MAI-2015-99,2015,2015-08-03,Lunes,Metal/NonMetal,Caída de techo,NV,Minero,N/D,N/D,16:45,Techo / material del techo (caída de roca),26-02299,NORM-1,"B, G, I, L"
CAI-2015-12,2015,2015-08-19,Miércoles,Coal,Manejo de materiales,IL,Belt Man,45,tarde,20:45,Discharge boom de belt conveyor drive,11-03203,NORM-2,"E, G, I, L, M"
CAI-2015-09,2015,2015-09-16,Miércoles,Coal,Atrapamiento por maquinaria,KY,Electricista,29,noche,02:00,Máquina minera continua (cutter head boom),15-18547,NORM-2,"E, G, K, L, M"
CAI-2015-10,2015,2015-09-26,Sábado,Coal,Caída de persona,AL,Operador de bulldozer,58,día,05:45,"Bulldozer, Dozer, Crawler tractor, Push cat",01-03375,DISP-1,"B, E, G, M"
CAI-2015-11,2015,2015-12-08,Martes,Coal,Acarreo motorizado,IL,Abastecedor de materiales (Supply man),20,tarde,19:53,Tractor + trailer (slope haulage),11-03189,DISP-1,"E, G, I, L, M"
MAI-2015-16,2015,2015-12-15,Martes,Metal/NonMetal,Atrapamiento por maquinaria,IA,Obrero,N/D,tarde (OFICIAL Part50),14:54 (OFICIAL Part50),Maquinaria (no especificado — ver Mecanismo del accidente),13-00125,PERI-1,"E, G, K, L, M"
MAI-2015-17,2015,2015-12-28,Lunes,Metal/NonMetal,Acarreo motorizado,NV,Conductor de camión,42,tarde,14:15,CAEX,26-00827,PERI-1,"E, G, I, L, M"
CAI-2016-01,2016,2016-01-04,Lunes,Coal,Atrapamiento por maquinaria,WV,Capataz de correa,53,noche,00:05,Correa transportadora en movimiento (No. 1 belt drive),46-09319,CONF-2,"E, G, M"
CAI-2016-02,2016,2016-01-16,Sábado,Coal,Caída de costilla,PA,Operador,50,tarde,17:50,Continuous miner,36-09326,META-1,"B, E, G, I, L, M"
CAI-2016-03,2016,2016-01-19,Martes,Coal,Atrapamiento por maquinaria,KY,Operador,36,tarde,16:00,Máquina minera continua + PDS con MWC no portado,15-02132,NORM-2,"E, G, M"
MAI-2016-01,2016,2016-02-25,Jueves,Metal/NonMetal,Acarreo motorizado,TX,Conductor de camión de entrega,61,tarde,18:15,CAEX,41-04430,PERI-1,"E, G, M"
MAI-2016-02,2016,2016-03-08,Martes,Metal/NonMetal,Acarreo motorizado,UT,Conductor de camión,N/D,noche,23:05,CAEX,42-00410,PERI-1,"E, G, I, L, M"
MAI-2016-92,2016,2016-03-22,Martes,Metal/NonMetal,Explosivos y detonadores,IA,Operador,N/D,tarde,18:45,NO VALUE FOUND,13-02123,PERI-1,"E, G, M"
CAI-2016-04,2016,2016-03-25,Viernes,Coal,Caída de costilla,KY,Miembro de cuadrilla de exterior y fireboss,48,día,08:16,"Brow de roca (sandstone, >5 tons)",15-17234,NORM-2,"B, E, G, I, L, M"
MAI-2016-93,2016,2016-04-04,Lunes,Metal/NonMetal,Electrocución / Contacto eléctrico,AZ,Conductor,N/D,N/D,N/D,~4 años en sector (exp. en puesto específico no documentada; inferida de exp. total),02-02500,PERI-1,"E, G, K, L"
MAI-2016-04,2016,2016-04-09,Sábado,Metal/NonMetal,Electrocución / Contacto eléctrico,AZ,"Warehouseman, Bagger, Palletizer/Stacker, Store keeper, Packager, Fabricator, Cl",25,tarde,14:03,NO VALUE FOUND,02-03131,DISP-1,"B, G"
MAI-2016-06,2016,2016-05-10,Martes,Metal/NonMetal,Caída de persona,TX,Mecánico,32,mañana,07:18,NO VALUE FOUND,41-00026,NORM-1,"E, G, I, L, M"
CAI-2016-90,2016,2016-05-16,Lunes,Coal,Acarreo motorizado,WV,Motorman / Locomotorista,50,noche,04:00,Locomotora diesel sobre rieles + 6 drop-deck rail cars,46-09192,PERI-1,"B, E, G, I, L, M"
MAI-2016-07,2016,2016-06-03,Viernes,Metal/NonMetal,Falla de highwall / Talud,MS,Supervisor de equipo,56,mañana,11:25,CAEX,22-00650,NORM-1,"E, G, I, L, M"
MAI-2016-95,2016,2016-06-03,Viernes,Metal/NonMetal,Falla de highwall / Talud,MS,Conductor,N/D,mañana (OFICIAL Part50),11:25 (OFICIAL Part50),CAEX,22-00650,PERI-1,"B, E, G, I, L, M"
CAI-2016-06,2016,2016-06-06,Lunes,Coal,Atrapamiento por maquinaria,IL,Contratista,34,día,13:05,End loader (Atlas Copco Wagner ST-2D),11-02752,CONF-2,"B, G, K, L"
MAI-2016-09,2016,2016-06-27,Lunes,Metal/NonMetal,Acarreo motorizado,AR,Mecánico,61,mañana,06:45,Cargador frontal,03-01720,META-1,"B, E, G, I, L, M"
MAI-2016-10,2016,2016-07-25,Lunes,Metal/NonMetal,Falla de highwall / Talud,TN,Operador,59,mañana,08:45,Cargador frontal,40-00108,PERI-1,"B, E, G, I, L, M"
CAI-2016-07,2016,2016-07-29,Viernes,Coal,Explosión,WV,Jefe de mantenimiento,N/D,día,12:00,Equipo de soldadura (pozo con metano),46-01544,NORM-2,"B, E, G, K, L, M"
MAI-2016-100,2016,2016-08-09,Martes,Metal/NonMetal,Atrapamiento por maquinaria,KY,Capataz,N/D,tarde,18:40,Cleveland Cascade Chute CCC-Mark III-85,15-04469,NORM-3,"B, G, K, L"
MAI-2016-12,2016,2016-09-08,Jueves,Metal/NonMetal,Acarreo motorizado,NC,Operador de camión de acarreo,58,mañana,07:30,Cargador frontal,31-00074,PERI-1,"B, E, G, I, L, M"
MAI-2016-101,2016,2016-09-15,Jueves,Metal/NonMetal,Caída de persona,NV,Mecánico,20,día,09:35,Kawasaki 135ZV front end loader,26-00002,DISP-1,B
MAI-2016-13,2016,2016-09-21,Miércoles,Metal/NonMetal,Atrapamiento por maquinaria,VA,Operador,52,mañana,08:20,Cargador frontal,44-06134,PERI-1,
MAI-2016-16,2016,2016-10-09,Domingo,Metal/NonMetal,Atrapamiento por maquinaria,MI,Operador de equipo,61,tarde (OFICIAL Part50),15:10 (OFICIAL Part50),Cargador frontal + planta de harneros portátil,20-03479,CONF-2,
CAI-2016-09,2016,2016-12-02,Viernes,Coal,Atrapamiento por maquinaria,AL,Diseñador/Ingeniero de escudos,N/D,día,11:00,Escudo de longwall (ZMJ shield 28.6 ton),01-00851,NORM-2,"B, E, G, I, L, M"
MAI-2016-15,2016,2016-12-19,Lunes,Metal/NonMetal,Caída de persona,GA,Operador,62,día,05:40,Correa transportadora,09-00264,NORM-1,"E, G, I, L, M"
MAI-2016-17,2016,2016-12-21,Miércoles,Metal/NonMetal,Acarreo motorizado,WA,Obrero general,65,tarde,14:56,CAEX,45-03615,CONF-3,"E, G, I, L, M"
MAI-2017-01,2017,2017-01-25,Miércoles,Metal/NonMetal,Caída de costilla,IA,Conductor de camión,52,noche,03:30,CAEX,13-00097,PERI-1,"E, G, M"
CAI-2017-01,2017,2017-01-26,Jueves,Coal,Acarreo motorizado,KY,Minero,42,mañana (OFICIAL Part50),11:15 (OFICIAL Part50),Equipo de acarreo / Haulage equipment (no especificado),15-16855,ATAJ-1,"K, L, N"
CAI-2017-02,2017,2017-02-03,Viernes,Coal,Acarreo motorizado,WV,Conductor de camión,29,día,05:45,Ore haulage trucks - off highway trucks,46-04315,CONF-3,"B, E, G, I, L, M"
CAI-2017-05,2017,2017-02-23,Jueves,Coal,Atrapamiento por maquinaria,WV,Jefe de sección,55,tarde,21:30,Personnel carrier,46-09362,CONF-3,"E, G, M"
CAI-2017-03,2017,2017-02-27,Lunes,Coal,Caída de persona,WV,Operador,43,noche,22:00,Correa transportadora,46-02380,COMP-2,"B, E, G, I, L, M"
MAI-2017-02,2017,2017-03-14,Martes,Metal/NonMetal,Acarreo motorizado,TX,Conductor de camión,52,día,05:30,Cargador frontal,41-04553,PERI-1,"B, E, G, I, L, M"
MAI-2017-14,2017,2017-03-24,Viernes,Metal/NonMetal,Acarreo motorizado,NM,Operador de planta,53,N/D,19:40,Dodge Ram 3500,29-02450,CONF-1,"B, L"
CAI-2017-04,2017,2017-03-30,Jueves,Coal,Falla de highwall / Talud,KY,Mantenimiento de máquina de auger,N/D,noche,02:05,"Auger machine, Highwall miner, Auger highwall drill, Auger drill",44-07079,CONF-2,"B, E, G, I, L, M"
CAI-2017-06,2017,2017-05-06,Sábado,Coal,Acarreo motorizado,MT,Operador,62,tarde,16:50,Cargador frontal,24-01747,PERI-1,"B, E, G, I, L, M"
CAI-2017-07,2017,2017-05-18,Jueves,Coal,Acarreo motorizado,WV,Minero,44,noche,23:00,"Locomotive, (motor) - rail-mounted (Battery, Steam, Electric, Air)",46-01816,PERI-1,"E, G, I, L, M"
MAI-2017-04,2017,2017-06-08,Jueves,Metal/NonMetal,Acarreo motorizado,IL,Conductor de camión,56,mañana,06:00,CAEX,11-01023,PERI-1,"E, G, I, L, M"
CAI-2017-08,2017,2017-06-13,Martes,Coal,Atrapamiento por maquinaria,WV,Operador,32,tarde,20:43,Máquina minera continua + PDS anulado,46-06618,NORM-2,"B, L"
CAI-2017-09,2017,2017-06-19,Lunes,Coal,Acarreo motorizado,AL,Minero,44,día,10:32,Locomotora de haulage (supply train runaway),01-00851,NORM-2,"E, G, I, L, M"
MAI-2017-05,2017,2017-07-14,Viernes,Metal/NonMetal,Electrocución / Contacto eléctrico,OR,Empleado de mina A TIEMPO PARCIAL (part-time),51,mañana (OFICIAL Part50),08:15 (OFICIAL Part50),N/D (exp. total=20a; exp. en puesto específico no disponible en informe),35-03236,PERI-1,"E, G, M"
MAI-2017-06,2017,2017-07-20,Jueves,Metal/NonMetal,Caída de persona,GA,Minero,36,mañana,06:15,Cargador frontal,09-01147,PERI-1,"G, K, L"
CAI-2017-10,2017,2017-07-25,Martes,Coal,Acarreo motorizado,PA,Operador,52,día,10:15,Bulldozer (Caterpillar D9L),36-01966,NORM-2,"B, L"
MAI-2017-07,2017,2017-07-27,Jueves,Metal/NonMetal,Acarreo motorizado,AZ,Conductor de camión pesado,41,tarde,19:00,Correa transportadora,02-00135,CONF-2,"E, G, I, L, M"
CAI-2017-11,2017,2017-08-03,Jueves,Coal,Manejo de materiales,CO,Mecánico,32,noche,01:30,"Water box de rotary filter (1,400 lb)",05-03505,CONF-2,"E, G, I, L, M"
CAI-2017-12,2017,2017-08-25,Viernes,Coal,Acarreo motorizado,WV,Examinador de mina (Mine Examiner),51,día,12:08,Correa transportadora en movimiento,46-08194,NORM-2,"E, G, I, L, M"
MAI-2017-08,2017,2017-09-05,Martes,Metal/NonMetal,Acarreo motorizado,NC,Operador,20,mañana,11:30,Correa transportadora,31-02092,META-1,"E, G, I, L, M"
MAI-2017-09,2017,2017-09-20,Miércoles,Metal/NonMetal,Caída de costilla,AL,Contratista,N/D,día,10:15,Costilla / Rib (caída de material lateral),01-00629,NORM-3,"B, G, K, L"
CAI-2017-13,2017,2017-09-28,Jueves,Coal,Caída de costilla,WY,Operador,39,tarde,14:20,Cara de longwall (recovery face),48-01646,NORM-2,"B, E, G, I, L, M"
MAI-2017-10,2017,2017-10-17,Martes,Metal/NonMetal,Atrapamiento por maquinaria,ID,Operador,26,mañana,09:55,Correa transportadora,10-01915,META-1,"E, G, M"
CAI-2017-14,2017,2017-10-23,Lunes,Coal,Acarreo motorizado,WV,Examinador de mina,48,noche,04:29,Correa transportadora en movimiento (tailpiece),46-09091,NORM-2,"B, E, G, I, L, M"
MAI-2017-11,2017,2017-10-31,Martes,Metal/NonMetal,Acarreo motorizado,NV,Superintendente,60,día,05:30,Cargador frontal,26-02081,PERI-1,"B, E, G, I, L, M"
MAI-2017-12,2017,2017-10-31,Martes,Metal/NonMetal,Acarreo motorizado,NV,Operador,N/D,tarde,14:00,N/D (exp. total=16a; exp. en puesto específico no disponible en informe),26-02081,CONF-1,"B, E, G, I, L, M"
CAI-2017-15,2017,2017-12-29,Viernes,Coal,Atrapamiento por maquinaria,WV,Operador,34,noche,01:50,Cargador frontal,46-07491,PERI-1,"E, G, M"
MAI-2017-13,2017,2017-12-30,Sábado,Metal/NonMetal,Acarreo motorizado,CA,Conductor,66,día,09:20 (OFICIAL Part50),N/D (exp. total=8a; exp. en puesto específico no disponible en informe),04-04075,NORM-2,
MAI-2018-01,2018,2018-01-25,Jueves,Metal/NonMetal,Acarreo motorizado,IA,Operador de camión articulado,N/D,tarde,21:00,Bulldozer/topadora,13-01825,CONF-1,"B, E, G, I, L, M"
CAI-2018-01,2018,2018-02-06,Martes,Coal,Caída de costilla,WV,Electricista,52,noche,03:30,Costilla de carbón (rib roll),46-04168,NORM-2,"B, E, G, I, L, M"
CAI-2018-02,2018,2018-02-21,Miércoles,Coal,Electrocución / Contacto eléctrico,WV,Capataz,38,tarde,17:15,Cargador frontal,46-09531,NORM-1,"E, G, K, L"
MAI-2018-02,2018,2018-03-14,Miércoles,Metal/NonMetal,Electrocución / Contacto eléctrico,UT,Minero (nombre por identificar,56,mañana,10:00,Correa transportadora,42-02107,META-1,
CAI-2018-03,2018,2018-03-16,Viernes,Coal,Atrapamiento por maquinaria,IN,Mecánico fuera de sección,34,día,11:50,Personal carrier (vehículo de personal diesel),12-02394,CONF-2,"B, E, G, I, L, M"
CAI-2018-90,2018,2018-03-28,Miércoles,Coal,Acarreo motorizado,KY,Supervisor de correa,N/D,madrugada (OFICIAL Part50),02:15 (OFICIAL Part50),Equipo de acarreo / Haulage equipment (no especificado),15-18198,ATAJ-1,
MAI-2018-03,2018,2018-04-12,Jueves,Metal/NonMetal,Acarreo motorizado,TX,Conductor de camión,59,mañana,08:30,Ore haulage trucks -  on highway trucks,41-02547,PERI-1,
MAI-2018-04,2018,2018-05-09,Miércoles,Metal/NonMetal,Explosión,AL,Técnico de horno,27,tarde,18:15,Horno rotatorio Allis-Chalmers (1958),01-01264,CONF-1,"B, E, G, I, L, M"
CAI-2018-05,2018,2018-06-04,Lunes,Coal,Acarreo motorizado,WV,Operador de shuttle car,43,noche,23:40,Personal carrier + material exógeno en calzada,46-08656,CONF-2,"B, E, G, I, L, M"
MAI-2018-05,2018,2018-06-13,Miércoles,Metal/NonMetal,Acarreo motorizado,TX,Operador de camión articulado,N/D,mañana,07:00,CAEX,41-04622,CONF-1,"B, E, G, I, L, M"
MAI-2018-17,2018,2018-06-15,Viernes,Metal/NonMetal,Caída de persona,NM,Soldador,57,mañana,06:00,Correa transportadora,29-00708,CONF-2,"B, E, G, I, L, M"
MAI-2018-06,2018,2018-06-23,Sábado,Metal/NonMetal,Acarreo motorizado,TX,Electricista,46,mañana,09:20,CAEX,41-01126,CONF-2,"B, E, G, I, L, M"
MAI-2018-07,2018,2018-07-31,Martes,Metal/NonMetal,Acarreo motorizado,ND,Minero (nombre por identificar — Susag Sand & Gravel Inc.),62,mañana,06:45,Cargador frontal,32-00250,META-1,
MAI-2018-09,2018,2018-08-22,Miércoles,Metal/NonMetal,Atrapamiento por maquinaria,PA,Minero,29,tarde,18:00,Correa transportadora,36-08803,CONF-1,"B, E, G, I, L, M"
CAI-2018-07,2018,2018-09-07,Viernes,Coal,Explosión / Incendio,IN,Operador de camión de acarreo,N/D,noche,03:44,Bulldozer/topadora,12-02422,CONF-2,"B, E, G, I, L, M"
CAI-2018-06,2018,2018-09-11,Martes,Coal,Atrapamiento por maquinaria,PA,Operador,27,día,16:10,Mobile bridge carrier (MBC),36-09436,DISP-1,"E, G, M"
MAI-2018-10,2018,2018-10-02,Martes,Metal/NonMetal,Explosivos y detonadores,NY,Capataz contratista,N/D,tarde (OFICIAL Part50),12:00 (OFICIAL Part50),Material explosivo / Explosives,30-01185,CONF-2,"B, E, G, I, L, M"
MAI-2018-11,2018,2018-10-11,Jueves,Metal/NonMetal,Caída de persona,VA,Obrero,26,mañana,11:30,Cargador frontal,44-00141,CONF-1,"B, E, G, I, L, M"
CAI-2018-08,2018,2018-10-17,Miércoles,Coal,Atrapamiento por maquinaria,WV,Ayudante de máquina de auger (en entrenamiento),33,mañana,10:25,Grúa,46-09473,CONF-1,"B, E, G, I, L, M"
MAI-2018-12,2018,2018-10-19,Viernes,Metal/NonMetal,Acarreo motorizado,MT,Director de cantera,63,tarde,21:15,Correa transportadora,24-02226,CONF-2,"B, E, G, I, L, M"
MAI-2018-13,2018,2018-10-25,Jueves,Metal/NonMetal,Acarreo motorizado,NM,Obrero contratista,29,mañana (OFICIAL Part50),07:34 (OFICIAL Part50),Vehículo escolta (escort vehicle) de open pit de cobre,29-00708,CONF-1,"B, E, G, I, L, M"
MAI-2018-14,2018,2018-10-25,Jueves,Metal/NonMetal,Caída de techo,NV,Barrenero,42,tarde,17:05,Cargador frontal,26-02397,CONF-2,"E, G, K, L, M"
MAI-2018-15,2018,2018-11-03,Sábado,Metal/NonMetal,Acarreo motorizado,MI,Supervisora de mina,N/D,noche,01:30,Cargador frontal,20-00061,CONF-2,"E, G, K, L, M"
MAI-2018-18,2018,2018-11-11,Domingo,Metal/NonMetal,Acarreo motorizado,NV,Operador de equipo,N/D,día,14:00,Caterpillar R1600G LHD,26-02689,CONF-1,"B, E, G, I, L, M"
CAI-2018-92,2018,2018-11-29,Jueves,Coal,Acarreo motorizado,PA,Minero (apellido Ney — Waste Management & Processors Inc.),N/D,noche,01:05,Ford F-550 (camión de servicio con sistema hidráulico),36-07805,CONF-1,"E, G, M"
CAI-2018-09,2018,2018-12-11,Martes,Coal,Falla de highwall / Talud,AL,Operador,38,tarde,14:15,Cargador frontal,01-03444,PERI-1,"B, E, G, I, L, M"
CAI-2018-10,2018,2018-12-20,Jueves,Coal,Atrapamiento por maquinaria,PA,Operador,35,noche,03:00,Mobile bridge carrier (MBC) — Fairchild,36-10041,NORM-2,"E, G, M"
CAI-2018-11,2018,2018-12-29,Sábado,Coal,Caída de persona / Ahogamiento,WA,Supervisor,25,tarde,18:00,Dredge,45-00416,NORM-1,"B, E, G, I, L, M"
CAI-2019-01,2019,2019-01-05,Sábado,Coal,Atrapamiento por maquinaria,IL,Minero,55,noche,03:20,"Machine, NEC - Wheelbarrow, Well drilling Rig, Post hole auger",11-03203,CONF-1,"E, G, M"
CAI-2019-02,2019,2019-01-14,Lunes,Coal,Acarreo motorizado,KY,Miembro de cuadrilla de topografía,56,mañana,11:10,Shuttle car,15-19844,CONF-2,"E, G, K, L, M"
MAI-2019-97,2019,2019-03-06,Miércoles,Metal/NonMetal,Atrapamiento por maquinaria,NM,Mecánico contratista,35,mañana,11:32,Cargador frontal,29-00159,CONF-1,"B, E, G, I, L, M"
CAI-2019-05,2019,2019-03-07,Jueves,Coal,Atrapamiento por maquinaria,WV,Operador de cargador,38,día,13:30,Highwall miner + push beam,33-04642,CONF-1,"B, E, G, I, L, M"
MAI-2019-102,2019,2019-03-07,Jueves,Metal/NonMetal,Caída de persona,TX,Mecánico contratista,38,noche,03:30,~3 años en sector (exp. en puesto específico no documentada; inferida de exp. total),41-00994,CONF-2,"B, E, G, I, L, M"
MAI-2019-98,2019,2019-05-13,Lunes,Metal/NonMetal,Atrapamiento por maquinaria,GA,Operador,59,mañana,11:30,Grúa,09-01109,NORM-1,"E, G, M"
CAI-2019-08,2019,2019-05-22,Miércoles,Coal,Caída de costilla,KY,Operador de máquina minera continua,48,tarde,18:10,Continuous miner,15-18869,CONF-2,"B, E, G, I, L, M"
MAI-2019-95,2019,2019-06-10,Lunes,Metal/NonMetal,Acarreo motorizado,TN,Contratista (22 años),22,mañana,11:10,Cargador frontal,40-00104,CONF-2,"B, E, G, K, M"
MAI-2019-96,2019,2019-06-24,Lunes,Metal/NonMetal,Acarreo motorizado,OK,Contratista,34,tarde,15:30,Bulldozer/topadora,34-02056,CONF-1,"B, E, G, K, M"
MAI-2019-92,2019,2019-07-15,Lunes,Metal/NonMetal,Caída de persona,TN,Burns (apellido) — cargo por identificar — Vulcan Construction Materials LLC,N/D,mañana,08:30,Cargador frontal,40-00100,CONF-2,"B, E, G, I, L, M"
MAI-2019-94,2019,2019-07-30,Martes,Metal/NonMetal,Acarreo motorizado,VT,Operador de cargador frontal,69,mañana,13:45,Cargador frontal,43-00110,CONF-1,"B, E, G, I, L, M"
CAI-2019-13,2019,2019-07-31,Miércoles,Coal,Explosión,KY,Supervisor de proyecto,62,tarde,16:31,NO VALUE FOUND,15-17741,CONF-2,"B, E, G, I, L, M"
MAI-2019-90,2019,2019-08-02,Viernes,Metal/NonMetal,Acarreo motorizado,ID,Operador de equipo,39,mañana,06:00,Cargador frontal,10-01590,CONF-2,"B, E, G, I, L, M"
CAI-2019-09,2019,2019-08-07,Miércoles,Coal,Electrocución / Contacto eléctrico,WV,Electricista,42,mañana,08:15,"Machine, NEC - Wheelbarrow, Well drilling Rig, Post hole auger",46-03085,CONF-1,"E, G, K, L, M"
MAI-2019-08,2019,2019-08-15,Jueves,Metal/NonMetal,Electrocución / Contacto eléctrico,LA,attempting to install a new circuit for the fire suppression system at the time,43,mañana,10:15,NO VALUE FOUND,16-00358,DISP-1,"E, G, K, L"
CAI-2019-11,2019,2019-08-20,Martes,Coal,Caída de persona,PA,Minero,29,mañana,06:00,Correa transportadora,36-08567,CONF-1,
MAI-2019-191,2019,2019-08-27,Martes,Metal/NonMetal,Electrocución / Contacto eléctrico,TX,Minero,N/D,día,10:40,Marro de madera (herramienta manual),41-04918,PERI-1,"B, E, G, K, M"
CAI-2019-15,2019,2019-08-29,Jueves,Coal,Caída de costilla,PA,Capataz,45,noche,22:09,NO VALUE FOUND,36-07416,DISP-1,"B, E, G, I, L, M"
CAI-2019-14,2019,2019-09-17,Martes,Coal,Electrocución / Contacto eléctrico,WV,Electricista,N/D,noche,03:55,"Continuous miner, Tunnel borer, Road header",46-05437,CONF-1,
CAI-2019-16,2019,2019-10-18,Viernes,Coal,Caída de costilla,KY,Electricista,32,día,09:00,"Mancar, Mantrip, Personnel carrier, Porta bus, Jeep, Jitney, ATV",15-19835,CONF-2,"B, E, G, I, L, M"
MAI-2019-100,2019,2019-11-05,Martes,Metal/NonMetal,Acarreo motorizado,MN,Mecánico de equipos móviles,51,mañana,09:35,CAEX,21-02449,CONF-1,"B, E, G, I, L, M"
MAI-2019-101,2019,2019-11-16,Sábado,Metal/NonMetal,Atrapamiento por maquinaria,MS,Dueño de contratista,39,tarde (OFICIAL Part50),12:23 (OFICIAL Part50),~2 años en sector (exp. en puesto específico no documentada; inferida de exp. total),22-00415,COMP-3,
MAI-2019-190,2019,2019-12-03,Martes,Metal/NonMetal,Caída de costilla,SC,Mecánico contratista,65,mañana (OFICIAL Part50),08:45 (OFICIAL Part50),N/D (exp. total=16a; exp. en puesto específico no disponible en informe),38-00014,ATAJ-1,"K, L, N"
CAI-2019-12,2019,2019-12-23,Lunes,Coal,Caída de techo,WV,Obrero interior,N/D,tarde,16:15,Longwall shearer,46-01437,CONF-1,"E, G, I, L, M"
MAI-2020-98,2020,2020-01-08,Miércoles,Metal/NonMetal,Caída de persona,IA,Operador,30,mañana,13:00,Correa transportadora,13-02061,PERI-1,"E, G, I, L, M"
MAI-2020-112,2020,2020-01-23,Jueves,Metal/NonMetal,Caída de persona,CA,Conductor de camión,71,día,13:33,Gangway ramp Carbis CI-TCG 2000 con Safe-T Cage + bulk trailer,04-00196,NORM-2,"E, G, I, L, M"
MAI-2020-115,2020,2020-01-23,Jueves,Metal/NonMetal,Manejo de materiales,NV,Minero,20,N/D,N/D,Material o equipo de manejo de materiales (no especificado),26-04019,CONF-1,"B, E, G, I, L, M"
CAI-2020-91,2020,2020-02-27,Jueves,Coal,Manejo de materiales,WV,Supervisor,50,día,13:00,Material o equipo de manejo de materiales (no especificado),46-01456,CONF-1,"B, E, G, I, L, M"
MAI-2020-96,2020,2020-02-27,Jueves,Metal/NonMetal,Manejo de materiales,MI,Operador,29,tarde,14:00,Cargador frontal,20-02995,PERI-1,"E, G, M"
MAI-2020-97,2020,2020-02-29,Sábado,Metal/NonMetal,Atrapamiento por maquinaria,LA,Supervisor,28,mañana,07:30,Cargador frontal,16-01557,PERI-1,"E, G, M"
MAI-2020-104,2020,2020-05-02,Sábado,Metal/NonMetal,Atrapamiento por maquinaria,OH,Operador de cargadora frontal,56,mañana,08:54,Correa transportadora,33-01466,PERI-1,"E, G, K, L, M"
MAI-2020-95,2020,2020-05-21,Jueves,Metal/NonMetal,Manejo de materiales,IL,"Empleado de mina (víctima: JOHN C. CORBIN, 60, 27 años de experiencia)",60,tarde (OFICIAL Part50),12:30 (OFICIAL Part50),Material o equipo de manejo de materiales (no especificado),11-00122,NORM-1,"B, G, I, L"
MAI-2020-103,2020,2020-06-01,Lunes,Metal/NonMetal,Caída de persona,AZ,Contratista — Conductor de camión,61,mañana,13:00,Cargador frontal,02-03413,PERI-1,"B, E, G, I, L, M"
MAI-2020-101,2020,2020-06-13,Sábado,Metal/NonMetal,Atrapamiento por maquinaria,AZ,Operador,25,mañana,10:30,Grúa,02-02320,PERI-1,"E, G, M"
MAI-2020-102,2020,2020-06-19,Viernes,Metal/NonMetal,Caída de material,KS,Técnico de control de calidad,68,tarde,15:19,Cargador frontal,14-01537,PERI-1,"E, G, I, L, M"
MAI-2020-100,2020,2020-07-09,Jueves,Metal/NonMetal,Electrocución / Contacto eléctrico,GA,Supervisor,60,mañana,08:20,Cargador frontal,09-01219,ATAJ-1,"E, G, K, L"
MAI-2020-110,2020,2020-07-24,Viernes,Metal/NonMetal,Atrapamiento por maquinaria,GA,Operador,42,día,13:58 (OFICIAL Part50),Equipo con boom hidráulico (foot switch defectuoso),09-01101,NORM-2,"E, G, M"
MAI-2020-99,2020,2020-07-29,Miércoles,Metal/NonMetal,Acarreo motorizado,MO,Ayudante,63,mañana,09:00,Correa transportadora,23-02361,PERI-1,"E, G, I, L, M"
MAI-2020-92,2020,2020-08-18,Martes,Metal/NonMetal,Caída de persona,CA,Capataz,21,noche,04:45,Chancador,04-01854,META-1,"E, G, I, L, M"
MAI-2020-94,2020,2020-08-26,Miércoles,Metal/NonMetal,Atrapamiento por maquinaria,WA,Operador,52,mañana,12:30,Chancador,45-03806,PERI-1,"E, G, M"
MAI-2020-111,2020,2020-09-01,Martes,Metal/NonMetal,Caída de persona,TX,Trabajador de load-out (Johnson),26,día,19:47 (OFICIAL Part50),Dry bulk trailer + arnés y lanyard sin conectar,41-05471,NORM-3,"E, G, I, L, M"
MAI-2020-109,2020,2020-09-16,Miércoles,Metal/NonMetal,Acarreo motorizado,NJ,Conductor de camión,47,mañana,10:25,CAEX,28-00715,PERI-1,"E, G, K, L, M"
MAI-2020-108,2020,2020-10-09,Viernes,Metal/NonMetal,Atrapamiento por maquinaria,KY,Operador,48,mañana,09:00,Bulldozer/topadora,15-19268,PERI-1,"E, G, M"
CAI-2020-01,2020,2020-10-13,Martes,Coal,Atrapamiento por maquinaria,KY,Operador,58,noche,20:45,Scoop a batería + shuttle car + cortina de ventilación opaca,15-17216,NORM-2,"E, G, I, L, M"
MAI-2020-106,2020,2020-10-14,Miércoles,Metal/NonMetal,Acarreo motorizado,SC,Leadman (víctima: BELTON),61,mañana,12:40,Correa transportadora,38-00013,PERI-1,"B, G"
MAI-2020-107,2020,2020-10-19,Lunes,Metal/NonMetal,Atrapamiento por maquinaria,CO,Supervisor,58,mañana,11:30,Chancador,05-04470,PERI-1,"E, G, M"
CAI-2020-03,2020,2020-10-27,Martes,Coal,Caída de techo,PA,Minero (laborer / roof trimmer-scaler),37,día,12:45,No aplica (caída de techo),36-09435,N/D,"B, E, G, I, L, M"
MAI-2020-105,2020,2020-11-08,Domingo,Metal/NonMetal,Atrapamiento por maquinaria,NV,Conductor de camión,58,día,05:11,Cargador frontal,26-00594,PERI-1,"E, G, M"
CAI-2020-02,2020,2020-11-23,Lunes,Coal,Atrapamiento por maquinaria,WV,Operador,N/D,día,11:15,Scoop (equipo móvil subterráneo),46-05437,NORM-2,"E, G, M"
MAI-2020-116,2020,2020-11-23,Lunes,Metal/NonMetal,Electrocución / Contacto eléctrico,TX,Mecánico de mantenimiento,39,día,13:13 (OFICIAL Part50),Clasificadora industrial (Mill 1 Classifier),41-04449,CONF-1,"B, E, G, I, L, M"
MAI-2020-114,2020,2020-12-14,Lunes,Metal/NonMetal,Caída de techo,LA,Contratista — Grouter,N/D,noche,02:30,Techo / material del techo (caída de roca),19-00543,CONF-1,"E, G, I, L, M"
MAI-2020-90,2020,2020-12-14,Lunes,Metal/NonMetal,Caída de techo,LA,Grouter,N/D,noche,02:30,Huinche/Winche,16-00509,NORM-1,"E, G, I, L, M"
MAI-2020-91,2020,2020-12-15,Martes,Coal,Atrapamiento por maquinaria,KY,Operador,58,mañana,10:30,Cargador frontal,15-19602,PERI-1,"E, G, M"
MAI-2021-01,2021,2021-01-16,Sábado,Metal/NonMetal,Atrapamiento por maquinaria,AK,Supervisor,47,tarde,20:00,CAEX,50-01545,PERI-1,"G, I, L, M"
MAI-2021-02,2021,2021-01-19,Martes,Metal/NonMetal,Acarreo motorizado,UT,Capataz,39,mañana,13:00,Cargador frontal,42-02107,COMP-2,"B, E, G, I, L, M"
MAI-2021-03,2021,2021-01-22,Viernes,Coal,Acarreo motorizado,WV,Operador,38,mañana,06:30,Continuous miner,46-09574,PERI-1,"B, E, G, I, L, M"
MAI-2021-04,2021,2021-02-08,Lunes,Metal/NonMetal,Acarreo motorizado,MO,Minero,38,mañana,13:15,Correa transportadora,23-02077,PERI-1,"G, K, L"
MAI-2021-05,2021,2021-02-22,Lunes,Metal/NonMetal,Acarreo motorizado,TN,Operador,26,mañana,07:00,Cargador frontal,40-00170,PERI-1,B
MAI-2021-06,2021,2021-02-25,Jueves,Metal/NonMetal,Acarreo motorizado,NV,Minero,26,mañana,08:48,Correa transportadora,26-02594,PERI-1,"B, E, G, I, L, M"
MAI-2021-07,2021,2021-03-05,Viernes,Metal/NonMetal,Atrapamiento por maquinaria,IL,Operador,63,mañana,10:00,Pala hidráulica,11-01131,PERI-1,"E, G, M"
MAI-2021-08,2021,2021-03-12,Viernes,Metal/NonMetal,Atrapamiento por maquinaria,MO,Operador,35,mañana,11:53,Grúa,23-00889,PERI-1,"E, G, M"
MAI-2021-09,2021,2021-04-19,Lunes,Metal/NonMetal,Acarreo motorizado,TX,Supervisor,28,mañana,07:00,Cargador frontal,41-04292,META-1,"E, G, I, L, M"
MAI-2021-10,2021,2021-04-22,Jueves,Metal/NonMetal,Acarreo motorizado,NE,Conductor de camión,53,tarde,16:00,Cargador frontal,25-01118,PERI-1,"B, E, G, I, L, M"
CAI-2021-90,2021,2021-04-27,Martes,Coal,Manejo de materiales,WV,Electricista jefe asistente,N/D,N/D,N/D,Material o equipo de manejo de materiales (no especificado),46-09550,NORM-1,"B, G, I, L"
CAI-2021-01,2021,2021-05-14,Viernes,Coal,Caída de techo,PA,Operador,32,día,12:45,Techo de carbón (draw rock),36-09436,NORM-2,"B, E, G, I, L, M"
MAI-2021-12,2021,2021-05-18,Martes,Metal/NonMetal,Atrapamiento por maquinaria,TN,Contratista,33,mañana,06:00,Correa transportadora,40-00168,META-1,"E, G, K, L, M"
CAI-2021-02,2021,2021-06-02,Miércoles,Coal,Caída de techo,WV,Capataz,25,noche,02:10,Rib corner (esquina de rib con grieta),46-01433,COMP-2,"B, E, G, I, L, M"
CAI-2021-03,2021,2021-06-03,Jueves,Coal,Atrapamiento por maquinaria,WV,Capataz,42,día,09:00,Shuttle car (Joy 21SC cargado),46-09091,NORM-2,"E, G, M"
MAI-2021-15,2021,2021-06-07,Lunes,Metal/NonMetal,Acarreo motorizado,TX,Operador,55,mañana,08:00,Correa transportadora,41-01111,PERI-1,"B, E, G, I, L, M"
MAI-2021-16,2021,2021-06-09,Miércoles,Metal/NonMetal,Acarreo motorizado,MT,Supervisor,65,mañana,13:55,Personnel carrier,24-01490,PERI-1,"B, E, G, I, L, M"
MAI-2021-17,2021,2021-07-13,Martes,Metal/NonMetal,Caída de persona,TN,Operador,68,mañana,06:30,Cargador frontal,40-00170,META-1,"B, E, G, I, L, M"
CAI-2021-05,2021,2021-07-21,Miércoles,Coal,Atrapamiento por maquinaria,WY,Millwright (instalación y mantenimiento de equipos),44,día,11:45,"Dragline (FMC 258 Link-Belt, 200 ton)",48-00977,NORM-2,
MAI-2021-19,2021,2021-07-26,Lunes,Metal/NonMetal,Caída de persona,PA,Supervisor,33,tarde,15:30,CAEX,36-00006,PERI-1,"B, E, G, I, L, M"
MAI-2021-20,2021,2021-07-28,Miércoles,Metal/NonMetal,Caída de persona,GA,Capataz,42,mañana,08:45,Pala hidráulica,09-00057,PERI-1,"E, G, I, L, M"
CAI-2021-06,2021,2021-08-01,Domingo,Coal,Inundación,UT,Minero,48,noche,22:08,Personnel carrier (Genco Geep No. 6),42-02263,COMP-1,"E, G, M"
MAI-2021-22,2021,2021-08-03,Martes,Metal/NonMetal,Acarreo motorizado,TX,Operador,62,noche,04:00,Correa transportadora,41-00007,NORM-1,"B, E, G, I, L, M"
MAI-2021-23,2021,2021-08-04,Miércoles,Metal/NonMetal,Caída de persona,WV,Conductor de camión,60,mañana,08:12,Cargador frontal,46-08374,PERI-1,"B, E, G, I, L, M"
MAI-2021-24,2021,2021-08-11,Miércoles,Metal/NonMetal,Acarreo motorizado,WV,Conductor de camión,53,día,06:00,CAEX,46-06736,PERI-1,"E, K, N"
MAI-2021-25,2021,2021-09-14,Martes,Metal/NonMetal,Caída de persona,ID,Soldador contratista,N/D,mañana,13:00,CAEX,10-02336,NORM-1,"E, G, I, L, M"
MAI-2021-26,2021,2021-09-15,Miércoles,Metal/NonMetal,Caída de material,AZ,Welder (non-shop) (OFICIAL Part50),33,mañana,09:15,CAEX,02-00024,PERI-1,"E, G, I, L, M"
MAI-2021-27,2021,2021-09-21,Martes,Metal/NonMetal,Acarreo motorizado,NM,Conductor de camión,68,mañana,10:00,Cargador frontal,29-02450,COMP-2,"B, E, G, I, L, M"
MAI-2021-28,2021,2021-10-01,Viernes,Metal/NonMetal,Atrapamiento por maquinaria,WI,"Warehouseman, Bagger, Palletizer/Stacker, Store keeper, Packager, Fabricator, Cl (OFICIAL Part50)",25,mañana,06:15,Correa transportadora,47-03016,NORM-3,"E, G, K, L, M"
CAI-2021-07,2021,2021-10-19,Martes,Coal,Manejo de materiales,OH,Mecánico,58,tarde,13:50,Haul truck articulado (Cat D400E),33-04526,NORM-2,"E, G, M"
MAI-2021-30,2021,2021-10-20,Miércoles,Metal/NonMetal,Atrapamiento por maquinaria,TX,Operador,50,mañana,09:35,Correa transportadora,41-02916,PERI-1,"E, G, M"
CAI-2021-08,2021,2021-11-01,Lunes,Coal,Acarreo motorizado,WV,Electricista,49,tarde,16:56,Electric Mine Utility Vehicle (EMU) con defectos múltiples,46-09029,COMP-2,"E, G, I, L, M"
MAI-2021-32,2021,2021-11-17,Miércoles,Metal/NonMetal,Acarreo motorizado,NY,Conductor de camión cliente,N/D,tarde,15:10,Cargador frontal,30-00865,PERI-1,"B, E, G, I, L, M"
MAI-2021-33,2021,2021-12-03,Viernes,Metal/NonMetal,Acarreo motorizado,FL,Operador,62,noche,04:00,Correa transportadora,08-00024,NORM-1,"B, E, G, I, L, M"
CAI-2021-09,2021,2021-12-04,Sábado,Coal,Atrapamiento por maquinaria,KY,Mecánico,48,noche,01:10,Máquina minera continua (Komatsu 14CM15) — tail boom,15-19374,CONF-2,"B, K, L, N"
MAI-2021-35,2021,2021-12-06,Lunes,Metal/NonMetal,Acarreo motorizado,FL,"Master mechanic, Foreman, Supervisor (OFICIAL Part50)",39,tarde,18:40,Correa transportadora,08-01160,PERI-1,"B, E, G, I, L, M"
MAI-2021-36,2021,2021-12-13,Lunes,Metal/NonMetal,Atrapamiento por maquinaria,GA,Mecánico,49,mañana,08:45,Roof bolter,09-00047,PERI-1,"E, G, M"
CAI-2022-01,2022,2022-01-07,Viernes,Coal,Atrapamiento por maquinaria,IN,Operador,35,noche,22:35,Máquina minera continua + PDS derrotado,12-02394,NORM-2,"G, I, L, M"
MAI-2022-01,2022,2022-01-07,Viernes,Metal/NonMetal,Caída de techo,PA,Operador,49,tarde,14:45,Cargador frontal,36-08891,PERI-1,"E, G, I, L, M"
CAI-2022-02,2022,2022-01-11,Martes,Coal,Falla de highwall / Talud,KY,Volador,32,día,14:45,Highwall (material suelto de lodo y roca),15-19884,NORM-2,"B, E, G, I, L, M"
CAI-2022-91,2022,2022-01-14,Viernes,Coal,Caída de persona,WV,Obrero,44,mañana,07:00,Correa transportadora,46-01436,PERI-1,"B, E, G, I, L, M"
MAI-2022-04,2022,2022-01-26,Miércoles,Metal/NonMetal,Acarreo motorizado,AR,Operador,53,mañana,07:45,Cargador frontal,03-01867,PERI-1,"E, G, I, L, M"
MAI-2022-05,2022,2022-01-28,Viernes,Metal/NonMetal,Acarreo motorizado,AZ,Conductor de camión,56,mañana,09:09,CAEX,02-00024,PERI-1,"E, G, I, L, M"
MAI-2022-06,2022,2022-02-14,Lunes,Metal/NonMetal,Acarreo motorizado,NV,Supervisor,34,noche,23:45,Correa transportadora,26-02573,PERI-1,"B, E, G, I, L, M"
CAI-2022-03,2022,2022-02-28,Lunes,Coal,Atrapamiento por maquinaria,WV,Minero,20,noche,22:30,Face drill (Fletcher 3411RE),46-09533,NORM-2,"E, G, M"
CAI-2022-04,2022,2022-03-02,Miércoles,Coal,Caída de techo,PA,Mecánico,44,día,11:00,Rock brow (pillar rib overhang),36-09973,NORM-1,"E, G, M"
MAI-2022-09,2022,2022-03-04,Viernes,Metal/NonMetal,Atrapamiento por maquinaria,NV,Operador,37,mañana,10:55,Cargador frontal,26-02007,PERI-1,"E, G, M"
CAI-2022-05,2022,2022-03-20,Domingo,Coal,Caída de techo,KY,Minero,33,día,23:02 (OFICIAL Part50),Techo de intersección (retreat mining),15-02263,NORM-2,"B, E, G, I, L, M"
MAI-2022-11,2022,2022-03-22,Martes,Metal/NonMetal,Atrapamiento por maquinaria,WI,Operador,44,mañana,09:30,"Pump, Slurry pump, Sump pump",47-03742,PERI-1,"E, G, M"
MAI-2022-12,2022,2022-04-25,Lunes,Metal/NonMetal,Caída de persona,GA,Obrero,41,tarde,16:00,Correa transportadora,09-01135,PERI-1,"B, E, G, I, L, M"
MAI-2022-13,2022,2022-06-17,Viernes,Metal/NonMetal,Atrapamiento por maquinaria,GA,Operador,16,mañana,13:10,Bulldozer/topadora,09-01264,PERI-1,"E, G, K, L, M"
MAI-2022-14,2022,2022-06-20,Lunes,Metal/NonMetal,Caída de persona,AR,Minero,57,mañana,11:30,Cargador frontal,03-00426,PERI-1,"B, E, G, I, L, M"
MAI-2022-15,2022,2022-07-21,Jueves,Metal/NonMetal,Atrapamiento por maquinaria,SC,Capataz,43,mañana,10:00,Correa transportadora,38-00007,PERI-1,"E, G, K, L, M"
MAI-2022-16,2022,2022-08-04,Jueves,Metal/NonMetal,Atrapamiento por maquinaria,AR,Conductor de camión,67,tarde,15:45,Cargador frontal,03-01975,PERI-1,"E, G, K, L, M"
CAI-2022-06,2022,2022-08-17,Miércoles,Coal,Acarreo motorizado,WV,Minero,N/D,día,10:05 (OFICIAL Part50),Locomotoras de haulage + supply car (track spur),46-08864,NORM-2,"E, G, I, L, M"
CAI-2022-07,2022,2022-08-23,Martes,Coal,Atrapamiento por maquinaria,NM,Mecánico,24,noche,01:57,Pala eléctrica (Bucyrus 495B1) — dipper door,29-02257,NORM-2,"E, K, N"
CAI-2022-08,2022,2022-09-01,Jueves,Coal,Electrocución / Contacto eléctrico,WV,Operador de perforadora de techo,34,tarde,16:40,Roof bolting machine (Fletcher DDR-13-A) — trailing cable 480V,46-08993,NORM-2,"G, K, L"
MAI-2022-20,2022,2022-09-09,Viernes,Metal/NonMetal,Caída de persona,TX,Supervisor,62,mañana,11:00,Dredge,41-02392,PERI-1,"E, G, I, L, M"
MAI-2022-21,2022,2022-09-28,Miércoles,Metal/NonMetal,Acarreo motorizado,NV,Técnica de mantenimiento,N/D,mañana,10:40,Correa transportadora,26-00803,PERI-1,"B, E, G, I, L, M"
MAI-2022-22,2022,2022-10-01,Sábado,Metal/NonMetal,Atrapamiento por maquinaria,NY,Supervisor,35,mañana,08:13,CAEX,30-03434,META-1,
MAI-2022-23,2022,2022-10-07,Viernes,Metal/NonMetal,Explosivos y detonadores,RI,Mecánico,29,mañana,08:30,CAEX,37-00243,PERI-1,"E, G, K, L, M"
CAI-2022-90,2022,2022-10-22,Sábado,Coal,Electrocución / Contacto eléctrico,PA,EXAMINADOR de mina (víctima: Sean Dennehy),N/D,mañana,11:45,Instalación eléctrica / Electrical installation,36-09893,ATAJ-1,"K, L, N"
MAI-2022-25,2022,2022-11-05,Sábado,Metal/NonMetal,Atrapamiento por maquinaria,TN,Minero,21,noche,04:05,Correa transportadora,40-00840,META-1,"E, G, M"
MAI-2022-26,2022,2022-12-06,Martes,Metal/NonMetal,Acarreo motorizado,MO,Supervisor,41,mañana,13:30,Correa transportadora,23-01800,PERI-1,"B, E, G, I, L, M"
MAI-2022-27,2022,2022-12-16,Viernes,Metal/NonMetal,Atrapamiento por maquinaria,TX,Inspector,26,mañana,06:30,CAEX,41-05317,NORM-3,"E, G, M"
CAI-2022-09,2022,2022-12-22,Jueves,Coal,Inundación,VA,Contratista,21,día,12:00,Vehículo personal (fuga de escape → CO en cabina),44-04982,NORM-1,"E, G, M"
MAI-2023-01,2023,2023-01-04,Miércoles,Metal/NonMetal,Atrapamiento por maquinaria,TN,Operador de planta,28,día,14:45,Correa transportadora,40-00115,COMP-2,"B, G, I, K, L, M, N"
MAI-2023-02,2023,2023-01-17,Martes,Metal/NonMetal,Acarreo motorizado,CA,Pesador,47,noche,02:51,CAEX,04-00036,PERI-1,"B, E, G, I, L, M"
MAI-2023-03,2023,2023-01-23,Lunes,Metal/NonMetal,Caída de persona,NV,Técnico,49,día,12:35,Elevador de personal,26-02246,PERI-1,"E, G, M"
MAI-2023-04,2023,2023-01-27,Viernes,Metal/NonMetal,Electrocución / Contacto eléctrico,GA,Operador de camión de acarreo,23,día,06:25,Bulldozer/topadora,09-00143,NORM-1,"E, G, K, L, M"
MAI-2023-38,2023,2023-01-27,Viernes,Metal/NonMetal,Electrocución / Contacto eléctrico,GA,Operador de camión de acarreo,25,día,06:25,Bulldozer/topadora,09-00143,NORM-1,"E, G, K, L, M"
MAI-2023-05,2023,2023-01-30,Lunes,Metal/NonMetal,Caída de persona,MO,Mecánico de mantención (OFICIAL informe final),42,tarde,16:45,Correa transportadora,23-02308,PERI-1,B
MAI-2023-06,2023,2023-02-06,Lunes,Metal/NonMetal,Electrocución / Contacto eléctrico,AR,? (?),N/D,tarde,15:45,Cargador frontal,03-00855,NORM-1,"B, E, G, K, L, M"
MAI-2023-07,2023,2023-02-25,Sábado,Metal/NonMetal,Acarreo motorizado,TX,Operador de equipo,42,día,07:50,Bulldozer/topadora,41-04706,PERI-1,"B, E, G, I, L, M"
CAI-2023-08,2023,2023-02-26,Domingo,Coal,Acarreo motorizado,WV,Operador de bulldozer contratista,73,día,13:08,Bulldozer/topadora,46-08930,PERI-1,"E, G, M"
MAI-2023-09,2023,2023-03-01,Miércoles,Metal/NonMetal,Atrapamiento por maquinaria,KY,Operador de bulldozer,38,día,10:30,Correa transportadora,15-00213,PERI-1,"E, G, K, L, M"
MAI-2023-10,2023,2023-03-09,Jueves,Metal/NonMetal,Acarreo motorizado,TX,Conductor de camión de entrega,60,día,13:55,Cargador frontal,41-00072,PERI-1,"E, G, I, L, M"
MAI-2023-11,2023,2023-03-15,Miércoles,Metal/NonMetal,Atrapamiento por maquinaria,FL,Operador de excavadora,42,día,13:15,Excavadora hidráulica (Caterpillar 390F L),08-00899,NORM-3,"B, E, G, K, L, M"
CAI-2023-12,2023,2023-03-18,Sábado,Coal,Caída de techo,IL,Operador de pernadora,41,noche,02:05,NO VALUE FOUND,11-03203,PERI-1,"B, E, G, I, L, M"
CAI-2023-13,2023,2023-03-22,Miércoles,Coal,Acarreo motorizado,WV,Topógrafo,62,día,08:50,Correa transportadora,46-09447,PERI-1,E
MAI-2023-14,2023,2023-04-09,Domingo,Metal/NonMetal,Explosión,TN,Obrero,63,mañana,07:00,CAEX,40-03591,PERI-1,"E, G, M"
MAI-2023-15,2023,2023-04-11,Martes,Metal/NonMetal,Caída de techo,ID,Minero de stope,26,día,10:35,Huinche/Winche,10-00082,PERI-1,"B, E, G, I, L, M"
CAI-2023-16,2023,2023-04-20,Jueves,Coal,Manejo de materiales,IN,Obrero contratista,59,día,12:58,CAEX,12-02422,PERI-1,"E, G, K, L, M"
MAI-2023-17,2023,2023-05-02,Martes,Metal/NonMetal,Acarreo motorizado,SD,Operador,26,mañana,12:30,Bulldozer/topadora,39-01505,NORM-1,"E, G, I, L, M"
CAI-2023-18,2023,2023-05-16,Martes,Coal,Caída de persona,TX,Supervisor,64,tarde,21:30,Bulldozer/topadora,41-02840,COMP-2,"B, E, G, I, L, M"
MAI-2023-19,2023,2023-05-22,Lunes,Metal/NonMetal,Acarreo motorizado,MO,Conductor de acopio,70,día,11:10,Cargador frontal,23-00079,PERI-1,"B, E, G, I, L, M"
MAI-2023-20,2023,2023-06-01,Jueves,Metal/NonMetal,Manejo de materiales,TX,Conductor de camión cliente,61,día,13:49,CAEX,41-03491,META-1,"E, G, M"
MAI-2023-21,2023,2023-06-08,Jueves,Metal/NonMetal,Caída de persona,MA,Operador de planta,60,día,16:06,Correa transportadora,19-00290,PERI-1,"B, E, G, I, L, M"
CAI-2023-22,2023,2023-06-09,Viernes,Coal,Atrapamiento por maquinaria,KY,Conductor de camión,35,mañana,13:30,Cargador frontal,15-19846,CONF-1,"E, G, M"
MAI-2023-23,2023,2023-06-22,Jueves,Metal/NonMetal,Atrapamiento por maquinaria,CA,Operador de bulldozer contratista,60,día,14:31,Cargador frontal,04-04080,PERI-1,"E, G, K, L, M"
MAI-2023-24,2023,2023-07-17,Lunes,Metal/NonMetal,Atrapamiento por maquinaria,MA,Minero,37,día,13:06,Grúa,19-00020,PERI-1,"E, G, K, L, M"
MAI-2023-25,2023,2023-07-26,Miércoles,Metal/NonMetal,Acarreo motorizado,KY,Operador de equipo,24,día,14:45,Correa transportadora,15-06264,PERI-1,"E, G, I, L, M"
MAI-2023-26,2023,2023-08-05,Sábado,Metal/NonMetal,Caída de persona,TX,Conductor de camión contratista,44,tarde,20:15,Correa transportadora,41-01126,PERI-1,"B, E, G, I, L, M"
MAI-2023-39,2023,2023-08-05,Sábado,Metal/NonMetal,Caída de material,GA,Minero de extracción,42,día,09:31,Cantera de granito dimensional — pared (highwall),09-01187,CONF-2,"E, G, K, L, M, N"
CAI-2023-27,2023,2023-08-18,Viernes,Coal,Inundación,WV,Capataz de sección,39,noche,21:40,Continuous miner,46-09261,PERI-1,E
MAI-2023-28,2023,2023-08-21,Lunes,Metal/NonMetal,Manejo de materiales,CO,Obrero,28,tarde,19:40,Cargador frontal,05-03808,META-1,"E, G, M"
MAI-2023-29,2023,2023-08-24,Jueves,Metal/NonMetal,Atrapamiento por maquinaria,MN,Líder,45,día,07:48,Correa transportadora,21-03205,PERI-1,"E, G, K, L, M"
CAI-2023-30,2023,2023-08-30,Miércoles,Coal,Acarreo motorizado,AL,Capataz de correa,34,día,06:50,Correa transportadora,01-01247,PERI-1,"B, E, G, I, L, M"
MAI-2023-31,2023,2023-09-08,Viernes,Metal/NonMetal,Atrapamiento por maquinaria,PA,Obrero de planta,39,día,10:25,Correa transportadora,36-09542,PERI-1,"E, G, I, L, M"
MAI-2023-32,2023,2023-09-12,Martes,Metal/NonMetal,Acarreo motorizado,IN,Obrero,69,día,14:00,CAEX,12-00084,PERI-1,"B, E, G, I, L, M"
CAI-2023-33,2023,2023-10-02,Lunes,Coal,Acarreo motorizado,PA,Operador de pernadora,37,día,11:00,Continuous miner,36-09973,PERI-1,"B, E, G, I, L, M"
MAI-2023-34,2023,2023-11-13,Lunes,Metal/NonMetal,Atrapamiento por maquinaria,MT,Minero subterráneo,24,noche,01:00,Bulldozer/topadora,24-01490,NORM-1,"E, G, I, L, M"
MAI-2023-93,2023,2023-11-13,Lunes,Metal/NonMetal,Caída de techo,GA,Capataz-Operador de excavadora,54,día,12:15,Techo / material del techo (caída de roca),09-00143,ATAJ-1,"K, L, N"
MAI-2023-35,2023,2023-11-17,Viernes,Metal/NonMetal,Manejo de materiales,WI,Minero,50,día,15:55,Grúa,47-00044,PERI-1,"E, G, I, L, M"
MAI-2023-36,2023,2023-12-14,Jueves,Metal/NonMetal,Atrapamiento por maquinaria,UT,Asistente de taller eléctrico contratista,56,día,14:40,Chancador,42-01452,META-1,"E, G, K, L, M"
MAI-2023-91,2023,2023-12-14,Jueves,Metal/NonMetal,Atrapamiento por maquinaria,OK,"Maintenance man, Mechanic,  Repair/Serviceman, Boi",N/D,N/D,07:00,Not on this list WP-400,34-02093,N/D,"B, E, G, K, M"
MAI-2024-01,2024,2024-01-02,Martes,Metal/NonMetal,Acarreo motorizado,TX,Conductor de camión cliente,46,noche,04:46,Correa transportadora,41-04292,META-1,"B, E, G, I, L, M"
CAI-2024-01,2024,2024-01-29,Lunes,Coal,Acarreo motorizado,PA,Operador de camión de acarreo,63,día,04:17 (OFICIAL Part50),Equipo móvil de superficie,36-02234,CONF-2,"B, E, G, K, M"
MAI-2024-03,2024,2024-03-01,Viernes,Metal/NonMetal,Atrapamiento por maquinaria,FL,Jefe de camioneros,61,día,09:45,Cargador frontal,08-00798,PERI-1,"E, G, M"
MAI-2024-04,2024,2024-04-13,Sábado,Metal/NonMetal,Inundación,GA,Operador de cargador frontal,N/D,mañana,10:20,Correa transportadora,09-01126,CONF-2,"B, E, G, I, L, M"
MAI-2024-05,2024,2024-04-15,Lunes,Metal/NonMetal,Atrapamiento por maquinaria,CO,Mecánico de servicio de campo,50,día,11:47,Correa transportadora,05-04841,PERI-1,"B, E, G, I, L, M"
MAI-2024-06,2024,2024-05-08,Miércoles,Metal/NonMetal,Electrocución / Contacto eléctrico,IN,Operario de contratista,44,mañana,11:20,Correa transportadora,12-00016,CONF-1,"B, E, G, I, L, M"
MAI-2024-07,2024,2024-05-09,Jueves,Metal/NonMetal,Atrapamiento por maquinaria,TX,Trabajador de mantenimiento,62,día,08:00,Correa transportadora,41-01628,PERI-1,"B, E, G, I, L, M"
CAI-2024-92,2024,2024-05-16,Jueves,Coal,Atrapamiento por maquinaria,WV,Operador de excavadora,59,noche,02:15,Bulldozer/topadora,46-09062,CONF-2,"B, E, G, I, L, M"
CAI-2024-09,2024,2024-05-31,Viernes,Coal,Caída de techo,VA,Operador de pernadora de techo,27,tarde,16:20,Continuous miner,44-04856,PERI-1,"B, E, G, I, L, M"
MAI-2024-10,2024,2024-06-14,Viernes,Metal/NonMetal,Explosión,CA,Bombero,52,día,14:08,Correa transportadora,04-04802,PERI-1,"E, G, M"
CAI-2024-02,2024,2024-07-12,Viernes,Coal,Atrapamiento por maquinaria,WV,Operadora de camión de roca,33,día,23:10 (OFICIAL Part50),Cargador frontal (cucharón),46-09627,PERI-1,"B, E, G, K, M"
CAI-2024-03,2024,2024-07-25,Jueves,Coal,Acarreo motorizado,PA,Obrero de planta,44,día,21:30 (OFICIAL Part50),Equipo de acarreo,36-08766,CONF-2,"E, G, K, L, M"
MAI-2024-13,2024,2024-08-04,Domingo,Metal/NonMetal,Caída de persona,LA,Contratista,N/D,tarde,16:00,NO VALUE FOUND,16-00352,CONF-2,"E, G, K, L, M"
CAI-2024-04,2024,2024-08-05,Lunes,Coal,Manejo de materiales,WV,Operador de locomotora,57,día,05:55,Airbags de elevación + longwall power car,46-09192,NORM-2,"E, G, M"
MAI-2024-15,2024,2024-08-09,Viernes,Metal/NonMetal,Electrocución / Contacto eléctrico,TX,Electricista contratista,64,día,14:47,Correa transportadora,41-00283,CONF-1,"B, E, G, I, L, M"
CAI-2024-05,2024,2024-08-11,Domingo,Coal,Acarreo motorizado,CO,Minero de carbón,N/D,noche,00:05,Correa transportadora C1,05-03672,PERI-1,"B, E, G, K, M"
MAI-2024-17,2024,2024-08-22,Jueves,Metal/NonMetal,Falla de highwall / Talud,MA,Operador,67,mañana,07:45,CAEX,19-01284,COMP-2,"E, G, I, L, M"
MAI-2024-30,2024,2024-08-22,Jueves,Metal/NonMetal,Caída de persona,OK,Contratista (instalador),N/D,día,15:45 (OFICIAL Part50),Plataforma de pasarela (material feeder),34-00050,CONF-2,"B, E, G, I, L, M"
MAI-2024-31,2024,2024-08-22,Jueves,Metal/NonMetal,Inundación,PA,Propietario de contratista,30,mañana,11:00,Cantera de piedra dimensional (poza de agua),36-08942,CONF-1,"B, E, G, I, L, M"
CAI-2024-06,2024,2024-09-06,Viernes,Coal,Caída de techo,WV,Operador de máquina minera continua,33,tarde,17:55,Techo sin soporte (sección 46×46×6 in),46-09029,CONF-2,"E, G, K, L, M"
MAI-2024-29,2024,2024-09-06,Viernes,Metal/NonMetal,Acarreo motorizado,NY,Minero-operador haul truck,29,día,15:24,Camión de acarreo / Haul truck,30-04141,CONF-1,"B, E, G, I, L, M"
MAI-2024-19,2024,2024-09-18,Miércoles,Metal/NonMetal,Acarreo motorizado,PA,Conductor de camión,68,día,09:24,Cargador frontal,36-00005,PERI-1,"B, E, G, I, L, M"
MAI-2024-20,2024,2024-09-20,Viernes,Metal/NonMetal,Caída de persona,TN,Operador de cargador frontal,68,tarde,15:15,Correa transportadora,40-01247,CONF-2,"B, E, G, I, L, M"
CAI-2024-07,2024,2024-09-25,Miércoles,Coal,Caída de techo,AL,Operador de máquina minera continua,52,noche,00:03,Techo sin soporte (anomalía horseback) + tubing slider,01-00851,CONF-2,"E, G, K, L, M"
CAI-2024-08,2024,2024-09-28,Sábado,Coal,Atrapamiento por maquinaria,WV,Electricista de longwall,34,día,07:50,Escudos de longwall (sistema hidráulico),46-09192,NORM-2,"E, G, M"
MAI-2024-23,2024,2024-11-05,Martes,Metal/NonMetal,Acarreo motorizado,TX,Operador de camión de acarreo,32,día,13:05 (OFICIAL Part50),Cargador frontal,41-05396,CONF-1,"E, G, K, L, M"
MAI-2024-24,2024,2024-11-16,Sábado,Metal/NonMetal,Atrapamiento por maquinaria,OH,Operador de excavadora,50,día,08:30,Correa transportadora,33-04527,CONF-1,"B, E, G, I, L, M"
MAI-2024-25,2024,2024-11-27,Miércoles,Metal/NonMetal,Acarreo motorizado,OH,Electricista,58,tarde,17:40,Correa transportadora,33-01994,PERI-1,"B, G, I, K, L, M"
MAI-2025-01,2025,2025-01-03,Viernes,Metal/NonMetal,Atrapamiento por maquinaria,TX,Operador de camión de acarreo,44,mañana,12:00,Correa transportadora,41-05687,CONF-1,"B, E, G, I, L, M"
MAI-2025-02,2025,2025-01-10,Viernes,Coal,Atrapamiento por maquinaria,PA,Operador de mobile bridge carrier (Joshua Mock),34,mañana,06:00,Continuous miner,36-09893,META-1,"E, G, I, L, M"
CAI-2025-01,2025,2025-01-29,Miércoles,Coal,Atrapamiento por maquinaria,WV,Operador de perforadora,55,N/D,07:20,Perforadora (surface drill),46-08645,CONF-3,
MAI-2025-04,2025,2025-01-30,Jueves,Metal/NonMetal,Manejo de materiales,TX,Operador de sierra thin-veneer,22,tarde,15:30,Cargador frontal,41-04216,NORM-1,"B, E, G, I, L, M"
MAI-2025-92,2025,2025-01-30,Jueves,Metal/NonMetal,Atrapamiento por maquinaria,TX,Minero (operador) — pérdida de equilibrio frente a log washer en arranque,28,mañana (OFICIAL Part50),11:20 (OFICIAL Part50),Maquinaria (no especificado — ver Mecanismo del accidente),41-04891,ATAJ-1,"K, L, N"
MAI-2025-05,2025,2025-02-12,Miércoles,Coal,Atrapamiento por maquinaria,OH,Operador de perforadora highwall (Edward Blomquist),73,mañana,09:22,Cargador frontal,33-04577,PERI-1,"E, G, K, L, M"
MAI-2025-06,2025,2025-02-22,Sábado,Metal/NonMetal,Caída de persona,SD,Minero contratista,28,noche,02:00,Cargador compacto,39-00022,PERI-1,"E, G, I, L, M"
MAI-2025-07,2025,2025-02-28,Viernes,Coal,Caída de costilla,WV,Constructor de sello-capataz,46,tarde,14:35,Correa transportadora,46-09550,PERI-1,"B, E, G, I, L, M"
MAI-2025-08,2025,2025-03-05,Miércoles,Metal/NonMetal,Atrapamiento por maquinaria,NC,Soldador,57,mañana,06:00,Correa transportadora,31-00059,PERI-1,"G, K, L"
MAI-2025-93,2025,2025-03-05,Miércoles,Metal/NonMetal,Explosión,IL,Propietario,67,día,16:15,Material explosivo / Explosives,11-00111,CONF-1,"B, E, G, I, L, M"
MAI-2025-09,2025,2025-03-28,Viernes,Metal/NonMetal,Falla de highwall / Talud,KS,Operador de cargador frontal,51,mañana,07:00,Cargador frontal,14-01414,PERI-1,"B, E, G, I, L, M"
MAI-2025-10,2025,2025-05-01,Jueves,Metal/NonMetal,Acarreo motorizado,TX,Operador contratista de equipo pesado,25,día,05:45,Bulldozer/topadora,41-05317,PERI-1,"E, G, I, L, M"
MAI-2025-11,2025,2025-06-15,Domingo,Metal/NonMetal,Atrapamiento por maquinaria,OK,Personal de mantención,41,tarde,16:15,Cargador frontal,34-02246,PERI-1,
MAI-2025-12,2025,2025-07-12,Sábado,Metal/NonMetal,Acarreo motorizado,TN,Operador de LHD,36,tarde,19:00,Correa transportadora,40-00168,PERI-1,"B, E, G, I, L, M"
MAI-2025-91,2025,2025-07-12,Sábado,Metal/NonMetal,Acarreo motorizado,CO,Conductor de camión contratista,N/D,día,07:05 (OFICIAL Part50),Camión / Truck,05-04822,CONF-1,"B, E, G, I, L, M"
MAI-2025-13,2025,2025-07-26,Sábado,Metal/NonMetal,Electrocución / Contacto eléctrico,MT,Técnico E&I,50,mañana,07:00,Personnel carrier,24-01490,NORM-1,"E, G, K, L"
MAI-2025-14,2025,2025-07-29,Martes,Metal/NonMetal,Acarreo motorizado,CA,Operador contratista de excavadora,35,mañana,07:15,CAEX,04-00231,PERI-1,"E, G, M"
MAI-2025-15,2025,2025-08-07,Jueves,Metal/NonMetal,Falla de highwall / Talud,WI,Blaster (operando cargador frontal) — contratista (Terry Johnson),50,tarde,14:15,Cargador frontal,47-03973,CONF-3,"E, G, I, L, M"
MAI-2025-16,2025,2025-08-25,Lunes,Metal/NonMetal,Acarreo motorizado,MO,Operador de camión de acarreo,26,día,05:30,CAEX,23-02459,PERI-1,"E, G, I, L, M"
CAI-2025-02,2025,2025-08-26,Martes,Coal,Electrocución / Contacto eléctrico,WV,Electricista,41,día,10:30,Elevador de planta (placa de control de circuito),46-08374,NORM-3,"G, K, L"
MAI-2025-18,2025,2025-09-02,Martes,Metal/NonMetal,Caída de techo,PA,Volador,61,tarde,15:30,Cargador frontal,36-08484,PERI-1,"E, G, I, L, M"
MAI-2025-19,2025,2025-09-08,Lunes,Metal/NonMetal,Acarreo motorizado,RI,Conductor contratista de camión de acarreo,73,día,07:12,Camión de acarreo Caterpillar 773G,37-00070,PERI-1,"B, E, G, I, L, M"
MAI-2025-20,2025,2025-09-13,Sábado,Metal/NonMetal,Caída de persona,MO,Electricista,21,día,08:13,NO VALUE FOUND,23-00781,META-1,"G, I, K, L, M, N"
MAI-2025-21,2025,2025-09-29,Lunes,Metal/NonMetal,Acarreo motorizado,NV,Operador de LHD,37,tarde,15:28,CAEX,26-02822,META-1,"E, G, I, L, M"
MAI-2025-22,2025,2025-10-16,Jueves,Metal/NonMetal,Caída de persona,MO,Obrero de producción,34,tarde,19:00,Correa transportadora,23-02371,META-1,"E, G, I, L, M"
MAI-2025-23,2025,2025-10-28,Martes,Metal/NonMetal,Acarreo motorizado,FL,Operador de camión de acarreo,56,tarde,17:14,CAEX,08-00519,META-1,"E, G, I, L, M"
MAI-2025-24,2025,2025-11-06,Jueves,Coal,Acarreo motorizado,WV,Operador de scoop,25,noche,23:20,Roof bolter,46-09028,PERI-1,"B, L"
CAI-2025-04,2025,2025-11-08,Sábado,Coal,Caída de techo,WV,Capataz de sección,42,día,12:00 (OFICIAL Part50),Frente de avance / bolsa de agua no mapeada,46-09111,DISP-1,"B, G"
MAI-2025-26,2025,2025-11-22,Sábado,Metal/NonMetal,Atrapamiento por maquinaria,NM,Operador de planta,60,mañana,09:15,Correa transportadora,29-01043,PERI-1,"B, E, G, I, L, M"
MAI-2025-27,2025,2025-12-10,Miércoles,Metal/NonMetal,Acarreo motorizado,FL,Operador de dragalina,20,noche (OFICIAL Part50),18:19 (OFICIAL Part50),N/D (exp. total=12a; exp. en puesto específico no disponible en informe),08-01282,META-1,"G, I, K, L, M"
MAI-2025-90,2025,2025-12-10,Miércoles,Metal/NonMetal,Atrapamiento por maquinaria,FL,Operador de dragalina,22,N/D,N/D,Maquinaria (no especificado — ver Mecanismo del accidente),08-02277,CONF-1,"B, E, G, L, M"
CAI-2025-03,2025,2025-12-18,Jueves,Coal,Atrapamiento por maquinaria,WV,Capataz exterior,63,día,07:27,"Tractor de suministros a batería (GE 128 V) nº 168 + carro plano rielado con 19,300 lb",46-09319,NORM-3,"G, K, L"
MAI-2025-29,2025,2025-12-22,Lunes,Metal/NonMetal,Atrapamiento por maquinaria,VA,Técnico contratista de servicio de campo,40,mañana,06:45,Correa transportadora,44-00081,PERI-1,"E, G, M"
MAI-2026-01,2026,2026-01-06,Martes,Metal/NonMetal,Atrapamiento por maquinaria,CA,Contratista de mantención,50,día,10:20,"Milling machinery, Block press, Ballast machine",04-00213,NORM-3,"G, K, L, N"
MAI-2026-02,2026,2026-01-08,Jueves,Metal/NonMetal,Acarreo motorizado,TX,Conductor de camión de carretera,44,día,11:33,Ore haulage trucks - off highway trucks,41-02820,CONF-3,"E, G, I, L, M"
MAI-2026-03,2026,2026-01-19,Lunes,Metal/NonMetal,Caída de material,VT,Minero,71,día,10:10,NO VALUE FOUND,43-00042,CONF-2,"B, G, I, L"
MAI-2026-04,2026,2026-03-03,Martes,Metal/NonMetal,Caída de material,TX,Construcción de concreto — contratista (Renteria Construction) (Leandro Castro),63,día,13:08,NO VALUE FOUND,41-05470,META-1,"E, G, I, L, M"
CAI-2026-01,2026,2026-03-05,Jueves,Coal,Atrapamiento por maquinaria,IL,Minero,41,tarde (OFICIAL Part50),13:20 (OFICIAL Part50),Minador continuo,11-03182,NORM-1,"B, G, I, L"
MAI-2026-06,2026,2026-03-12,Jueves,Metal/NonMetal,Atrapamiento por maquinaria,UT,Contratista,37,día,05:12,"Carriage-mounted drills, Rail, Rubber-tired, Jumbo, Air-track drill",42-01392,NORM-3,"G, K, L, N"
MAI-2026-07,2026,2026-03-28,Sábado,Metal/NonMetal,Caída de persona,TX,Contratista,36,día,09:00,NO VALUE FOUND,41-05426,CONF-2,"E, G, I, L, M"
CAI-2026-02,2026,2026-04-02,Jueves,Coal,Caída de techo,WV,Operador de shuttle car,53,tarde,17:05,Techo de entrada en retirada (draw rock),46-09212,NORM-2,"B, G, L"
CAI-2026-03,2026,2026-04-03,Viernes,Coal,Acarreo motorizado,WV,Supervisor de sección,36,día,10:38,Dos scoops 650 + escudo de longwall,46-01436,CONF-3,
MAI-2026-10,2026,2026-04-30,Jueves,Metal/NonMetal,Acarreo motorizado,OR,Minero,23,día,10:30,Chancador,35-03255,META-1,"E, G, I, L, M"
CAI-2026-04,2026,2026-05-19,Martes,Coal,Caída de costilla,PA,Capataz asistente de turno,34,noche,21:45,Caja del 7 South #6 track entry,36-07230,COMP-3,
CAI-2026-05,2026,2026-05-20,Miércoles,Coal,Atrapamiento por maquinaria,KY,Mecánico de campo — contratista,25,N/D,06:00,Contrapesos del cargador,15-16883,CONF-2,
MAI-2026-13,2026,2026-05-21,Jueves,Metal/NonMetal,Explosión,NV,Supervisor de campo — contratista,56,día,10:45,NO VALUE FOUND,26-02142,CONF-1,"E, G, M"
MAI-2026-14,2026,2026-06-26,Viernes,Metal/NonMetal,Acarreo motorizado,IA,Contratista,21,mañana (OFICIAL Part50),06:56 (OFICIAL Part50),N/D (exp. total=19a; exp. en puesto específico no disponible en informe),13-02224,CONF-1,"E, G, I, L, M"
CAI-2026-06,2026,2026-07-01,Miércoles,Coal,Atrapamiento por maquinaria,AL,Electricista,23,tarde,18:10,Escudo 74 del longwall,01-03448,CONF-1,"K, L, N"
MAI-2026-15,2026,2026-07-06,Lunes,Metal/NonMetal,Acarreo motorizado,AZ,Conductor de camión,55,mañana (OFICIAL Part50),09:39 (OFICIAL Part50),1 años (inferido: igual a exp. total; trabajador nuevo en sector),02-00024,CONF-1,"B, E, G, K, L, M, N"
MAI-2026-16,2026,2026-07-06,Lunes,Metal/NonMetal,Acarreo motorizado,OK,Utilero,N/D,tarde (OFICIAL Part50),12:34 (OFICIAL Part50),N/D (exp. total=30a; exp. en puesto específico no disponible en informe),34-00282,CONF-1,"E, G, I, L, M"
CAI-2026-07,2026,2026-07-11,Sábado,Coal,Caída de costilla,PA,Minero contratista,N/D,noche,00:30,Silo de carbón limpio,36-07230,NORM-1,"B, G, I, L"
MAI-2026-17,2026,2026-07-29,Miércoles,Metal/NonMetal,Caída de persona,WY,Supervisor contratista,N/D,tarde,17:30,Sala de izado (hoist house),48-00155,CONF-1,"B, E, G, I, L, M"
MAI-2026-18,2026,2026-08-13,Jueves,Metal/NonMetal,Caída de persona,MS,Supervisor de mantenimiento,51,tarde (OFICIAL Part50),12:00 (OFICIAL Part50),Correa transportadora aérea / Overland belt conveyor,22-00763,CONF-1,"E, G, M"
MAI-2026-19,2026,2026-08-24,Lunes,Metal/NonMetal,Caída de costilla,CT,Operador de maquinaria pesada,41,día,10:40,Perforadora / Drill,06-00763,CONF-1,"B, E, G, I, L, M"
